I_type,I_dragon_element,I_fire_element,I_ice_element,I_thunder_element,I_water_element,I_fire_weak,I_water_weak,I_thunder_weak,I_ice_weak,I_dragon_weak,O_type,O_dragon_element,O_fire_element,O_ice_element,O_thunder_element,O_water_element,O_fire_weak,O_water_weak,O_thunder_weak,O_ice_weak,O_dragon_weak,Outcome
Brute Wyvern,0,1,0,0,0,0.0,0.43,0.08,0.19,0.02,Fanged Wyvern,0,0,0,0,0,0.41,0.0,0.13,0.05,0.02,Win
Brute Wyvern,0,1,0,0,0,0.0,0.43,0.08,0.19,0.02,Fanged Wyvern,0,0,0,1,0,0.08,0.32,0.0,0.08,0.02,Win
Brute Wyvern,0,1,0,0,0,0.0,0.43,0.08,0.19,0.02,Fanged Wyvern,0,0,0,0,0,0.01,0.0,0.17,0.08,0.01,Win
Brute Wyvern,0,1,0,0,0,0.0,0.43,0.08,0.19,0.02,Flying Wyvern,0,1,0,0,0,0.0,0.05,0.26,0.08,0.37,Lose
Brute Wyvern,0,1,0,0,0,0.0,0.43,0.08,0.19,0.02,Flying Wyvern,0,1,0,0,0,0.0,0.03,0.03,0.1,0.35,Lose
Brute Wyvern,0,0,0,1,0,0.05,0.15,0.0,0.27,0.01,Fanged Wyvern,0,0,0,0,0,0.41,0.0,0.13,0.05,0.02,Win
Brute Wyvern,0,0,0,1,0,0.04,0.24,0.0,0.1,0.01,Fanged Wyvern,0,0,0,0,0,0.41,0.0,0.13,0.05,0.02,Win
Brute Wyvern,0,0,0,1,0,0.05,0.15,0.0,0.27,0.01,Fanged Wyvern,0,0,0,1,0,0.08,0.32,0.0,0.08,0.02,Win
Brute Wyvern,0,0,0,1,0,0.04,0.24,0.0,0.1,0.01,Fanged Wyvern,0,0,0,1,0,0.08,0.32,0.0,0.08,0.02,Win
Brute Wyvern,0,0,0,1,0,0.05,0.15,0.0,0.27,0.01,Fanged Wyvern,0,0,0,0,0,0.01,0.0,0.17,0.08,0.01,Win
Brute Wyvern,0,0,0,1,0,0.04,0.24,0.0,0.1,0.01,Fanged Wyvern,0,0,0,0,0,0.01,0.0,0.17,0.08,0.01,Win
Brute Wyvern,0,0,0,1,0,0.05,0.15,0.0,0.27,0.01,Flying Wyvern,0,0,1,0,0,0.32,0.01,0.18,0.0,0.06,Tie
Brute Wyvern,0,0,0,1,0,0.04,0.24,0.0,0.1,0.01,Flying Wyvern,0,0,1,0,0,0.32,0.01,0.18,0.0,0.06,Tie
Brute Wyvern,0,0,0,1,0,0.05,0.15,0.0,0.27,0.01,Flying Wyvern,0,0,1,0,0,0.22,0.01,0.1,0.0,0.05,Tie
Brute Wyvern,0,0,0,1,0,0.04,0.24,0.0,0.1,0.01,Flying Wyvern,0,0,1,0,0,0.22,0.01,0.1,0.0,0.05,Tie
Brute Wyvern,0,0,0,1,0,0.05,0.15,0.0,0.27,0.01,Flying Wyvern,0,0,0,0,0,0.01,0.13,0.16,0.51,0.16,Tie
Brute Wyvern,0,0,0,1,0,0.04,0.24,0.0,0.1,0.01,Flying Wyvern,0,0,0,0,0,0.01,0.13,0.16,0.51,0.16,Tie
Brute Wyvern,0,0,0,1,0,0.05,0.15,0.0,0.27,0.01,Flying Wyvern,0,0,0,0,0,0.0,0.32,0.06,0.45,0.0,Tie
Brute Wyvern,0,0,0,1,0,0.04,0.24,0.0,0.1,0.01,Flying Wyvern,0,0,0,0,0,0.0,0.32,0.06,0.45,0.0,Tie
Brute Wyvern,0,0,0,1,0,0.05,0.15,0.0,0.27,0.01,Flying Wyvern,0,0,0,0,0,0.45,0.03,0.85,0.1,0.24,Tie
Brute Wyvern,0,0,0,1,0,0.04,0.24,0.0,0.1,0.01,Flying Wyvern,0,0,0,0,0,0.45,0.03,0.85,0.1,0.24,Tie
Brute Wyvern,0,0,0,1,0,0.05,0.15,0.0,0.27,0.01,Flying Wyvern,0,0,1,0,1,0.01,0.19,0.69,0.09,0.29,Tie
Brute Wyvern,0,0,0,1,0,0.04,0.24,0.0,0.1,0.01,Flying Wyvern,0,0,1,0,1,0.01,0.19,0.69,0.09,0.29,Tie
Brute Wyvern,0,0,0,1,0,0.05,0.15,0.0,0.27,0.01,Flying Wyvern,0,0,0,0,0,0.0,0.16,0.1,0.04,0.08,Tie
Brute Wyvern,0,0,0,1,0,0.04,0.24,0.0,0.1,0.01,Flying Wyvern,0,0,0,0,0,0.0,0.16,0.1,0.04,0.08,Tie
Brute Wyvern,0,0,0,1,0,0.05,0.15,0.0,0.27,0.01,Fanged Wyvern,0,0,0,1,0,0.19,0.28,0.0,0.82,0.09,Tie
Brute Wyvern,0,0,0,1,0,0.04,0.24,0.0,0.1,0.01,Fanged Wyvern,0,0,0,1,0,0.19,0.28,0.0,0.82,0.09,Tie
Brute Wyvern,0,0,0,1,0,0.05,0.15,0.0,0.27,0.01,Fanged Wyvern,1,0,0,0,0,0.09,0.36,0.82,0.18,0.0,Tie
Brute Wyvern,0,0,0,1,0,0.04,0.24,0.0,0.1,0.01,Fanged Wyvern,1,0,0,0,0,0.09,0.36,0.82,0.18,0.0,Tie
Brute Wyvern,0,0,0,0,0,0.05,0.0,0.01,0.0,0.15,Flying Wyvern,0,0,1,0,0,0.32,0.01,0.18,0.0,0.06,Lose
Brute Wyvern,0,0,0,0,0,0.05,0.0,0.01,0.0,0.15,Flying Wyvern,0,0,1,0,0,0.22,0.01,0.1,0.0,0.05,Lose
Brute Wyvern,0,0,0,0,0,0.05,0.0,0.01,0.0,0.15,Piscine Wyvern,0,0,1,0,0,0.24,0.01,0.04,0.0,0.0,Tie
Flying Wyvern,0,0,1,0,0,0.32,0.01,0.18,0.0,0.06,Brute Wyvern,0,0,0,0,0,0.05,0.0,0.01,0.0,0.15,Win
Flying Wyvern,0,0,1,0,0,0.32,0.01,0.18,0.0,0.06,Brute Wyvern,0,0,0,1,0,0.05,0.15,0.0,0.27,0.01,Tie
Flying Wyvern,0,0,1,0,0,0.32,0.01,0.18,0.0,0.06,Brute Wyvern,0,0,0,1,0,0.04,0.24,0.0,0.1,0.01,Tie
Flying Wyvern,0,0,1,0,0,0.32,0.01,0.18,0.0,0.06,Flying Wyvern,0,0,1,0,0,0.13,0.04,0.25,0.0,0.03,Tie
Flying Wyvern,0,0,1,0,0,0.32,0.01,0.18,0.0,0.06,Flying Wyvern,0,0,1,0,0,0.19,0.02,0.07,0.0,0.01,Tie
Flying Wyvern,0,0,1,0,0,0.32,0.01,0.18,0.0,0.06,Fanged Wyvern,0,0,0,0,0,0.01,0.04,0.11,0.36,0.0,Tie
Flying Wyvern,0,0,1,0,0,0.32,0.01,0.18,0.0,0.06,Fanged Wyvern,1,0,0,0,0,0.18,0.41,0.18,0.18,0.02,Tie
Flying Wyvern,0,0,1,0,0,0.22,0.01,0.1,0.0,0.05,Brute Wyvern,0,0,0,0,0,0.05,0.0,0.01,0.0,0.15,Win
Flying Wyvern,0,0,1,0,0,0.22,0.01,0.1,0.0,0.05,Brute Wyvern,0,0,0,1,0,0.05,0.15,0.0,0.27,0.01,Tie
Flying Wyvern,0,0,1,0,0,0.22,0.01,0.1,0.0,0.05,Brute Wyvern,0,0,0,1,0,0.04,0.24,0.0,0.1,0.01,Tie
Flying Wyvern,0,0,1,0,0,0.22,0.01,0.1,0.0,0.05,Flying Wyvern,0,0,1,0,0,0.19,0.02,0.07,0.0,0.01,Tie
Flying Wyvern,0,0,1,0,0,0.22,0.01,0.1,0.0,0.05,Fanged Wyvern,1,0,0,0,0,0.18,0.41,0.18,0.18,0.02,Tie
Brute Wyvern,0,0,0,0,1,0.42,0.0,0.0,0.19,0.03,Flying Wyvern,0,0,0,0,0,0.01,0.13,0.16,0.51,0.16,Lose
Brute Wyvern,0,0,0,0,1,0.42,0.0,0.0,0.19,0.03,Flying Wyvern,0,0,0,0,0,0.0,0.32,0.06,0.45,0.0,Lose
Brute Wyvern,0,0,0,0,1,0.42,0.0,0.0,0.19,0.03,Piscine Wyvern,0,0,0,0,1,0.12,0.0,0.48,0.05,0.04,Tie
Flying Wyvern,0,1,0,0,0,0.0,0.03,0.16,0.08,0.08,Brute Wyvern,1,1,1,0,1,0.16,0.13,0.61,0.12,0.61,Tie
Flying Wyvern,0,1,0,0,0,0.0,0.01,0.09,0.17,0.01,Brute Wyvern,1,1,1,0,1,0.35,0.29,0.9,0.45,0.35,Tie
Piscine Wyvern,0,0,1,0,0,0.24,0.01,0.04,0.0,0.0,Brute Wyvern,0,0,0,0,0,0.05,0.0,0.01,0.0,0.15,Tie
Brute Wyvern,0,0,0,0,0,0.0,0.23,0.03,0.18,0.01,Fanged Wyvern,0,0,0,0,0,0.01,0.04,0.11,0.36,0.0,Tie
Brute Wyvern,0,0,0,0,0,0.0,0.23,0.03,0.18,0.01,Fanged Wyvern,1,0,0,0,0,0.18,0.41,0.18,0.18,0.02,Tie
Brute Wyvern,0,0,0,0,0,0.0,0.23,0.03,0.18,0.01,Flying Wyvern,0,1,0,0,0,0.0,0.05,0.26,0.08,0.37,Tie
Brute Wyvern,0,0,0,0,0,0.0,0.23,0.03,0.18,0.01,Flying Wyvern,0,1,0,0,0,0.0,0.03,0.03,0.1,0.35,Tie
Brute Wyvern,0,0,0,0,0,0.0,0.23,0.03,0.18,0.01,Flying Wyvern,0,0,1,0,1,0.01,0.19,0.69,0.09,0.29,Tie
Brute Wyvern,0,0,0,0,0,0.0,0.23,0.03,0.18,0.01,Flying Wyvern,0,0,0,0,0,0.0,0.16,0.1,0.04,0.08,Tie
Brute Wyvern,0,0,0,0,0,0.0,0.23,0.03,0.18,0.01,Fanged Wyvern,0,0,0,1,0,0.19,0.28,0.0,0.82,0.09,Tie
Brute Wyvern,0,0,0,0,0,0.0,0.23,0.03,0.18,0.01,Fanged Wyvern,1,0,0,0,0,0.09,0.36,0.82,0.18,0.0,Tie
Brute Wyvern,1,1,1,0,1,0.16,0.13,0.61,0.12,0.61,Flying Wyvern,0,0,0,0,0,0.01,0.13,0.16,0.51,0.16,Win
Brute Wyvern,1,1,1,0,1,0.16,0.13,0.61,0.12,0.61,Flying Wyvern,0,0,1,0,0,0.13,0.04,0.25,0.0,0.03,Win
Brute Wyvern,1,1,1,0,1,0.16,0.13,0.61,0.12,0.61,Flying Wyvern,0,1,0,0,0,0.0,0.05,0.26,0.08,0.37,Win
Brute Wyvern,1,1,1,0,1,0.16,0.13,0.61,0.12,0.61,Flying Wyvern,0,1,0,0,0,0.0,0.03,0.16,0.08,0.08,Tie
Brute Wyvern,1,1,1,0,1,0.35,0.29,0.9,0.45,0.35,Flying Wyvern,0,0,0,0,0,0.01,0.13,0.16,0.51,0.16,Win
Brute Wyvern,1,1,1,0,1,0.35,0.29,0.9,0.45,0.35,Flying Wyvern,0,0,0,0,0,0.0,0.32,0.06,0.45,0.0,Win
Brute Wyvern,1,1,1,0,1,0.35,0.29,0.9,0.45,0.35,Flying Wyvern,0,0,1,0,0,0.13,0.04,0.25,0.0,0.03,Win
Brute Wyvern,1,1,1,0,1,0.35,0.29,0.9,0.45,0.35,Flying Wyvern,0,0,1,0,0,0.19,0.02,0.07,0.0,0.01,Win
Brute Wyvern,1,1,1,0,1,0.35,0.29,0.9,0.45,0.35,Flying Wyvern,0,1,0,0,0,0.0,0.05,0.26,0.08,0.37,Win
Brute Wyvern,1,1,1,0,1,0.35,0.29,0.9,0.45,0.35,Flying Wyvern,0,1,0,0,0,0.0,0.03,0.03,0.1,0.35,Win
Brute Wyvern,1,1,1,0,1,0.35,0.29,0.9,0.45,0.35,Flying Wyvern,0,1,0,0,0,0.0,0.01,0.09,0.17,0.01,Tie
Brute Wyvern,1,1,1,0,1,0.35,0.29,0.9,0.45,0.35,Elder Dragon,0,0,0,1,1,0.38,0.0,0.0,0.11,0.26,Tie
Brute Wyvern,1,1,1,0,1,0.35,0.29,0.9,0.45,0.35,Elder Dragon,0,0,0,0,0,0.11,0.08,0.39,0.06,0.53,Tie
Brute Wyvern,1,1,1,0,1,0.35,0.29,0.9,0.45,0.35,Fanged Beast,0,0,0,1,0,0.0,0.03,0.0,0.64,0.0,Tie
Brute Wyvern,1,1,1,0,1,0.35,0.29,0.9,0.45,0.35,Elder Dragon,0,0,0,0,0,0.34,0.04,0.09,0.18,0.31,Tie
Brute Wyvern,1,1,1,0,1,0.35,0.29,0.9,0.45,0.35,Elder Dragon,0,0,1,0,0,0.46,0.02,0.07,0.0,0.17,Tie
Flying Wyvern,0,0,0,0,0,0.01,0.13,0.16,0.51,0.16,Brute Wyvern,0,0,0,0,1,0.42,0.0,0.0,0.19,0.03,Win
Flying Wyvern,0,0,0,0,0,0.01,0.13,0.16,0.51,0.16,Flying Wyvern,0,1,0,0,0,0.0,0.06,0.21,0.09,0.41,Win
Flying Wyvern,0,0,0,0,0,0.01,0.13,0.16,0.51,0.16,Flying Wyvern,0,1,0,0,0,0.0,0.02,0.09,0.02,0.36,Win
Flying Wyvern,0,0,0,0,0,0.01,0.13,0.16,0.51,0.16,Brute Wyvern,1,1,1,0,1,0.16,0.13,0.61,0.12,0.61,Lose
Flying Wyvern,0,0,0,0,0,0.01,0.13,0.16,0.51,0.16,Brute Wyvern,1,1,1,0,1,0.35,0.29,0.9,0.45,0.35,Lose
Flying Wyvern,0,0,0,0,0,0.01,0.13,0.16,0.51,0.16,Brute Wyvern,0,0,0,1,0,0.05,0.15,0.0,0.27,0.01,Tie
Flying Wyvern,0,0,0,0,0,0.01,0.13,0.16,0.51,0.16,Brute Wyvern,0,0,0,1,0,0.04,0.24,0.0,0.1,0.01,Tie
Flying Wyvern,0,0,0,0,0,0.01,0.13,0.16,0.51,0.16,Brute Wyvern,0,1,0,0,0,0.0,0.72,0.11,0.29,0.13,Tie
Flying Wyvern,0,0,0,0,0,0.01,0.13,0.16,0.51,0.16,Brute Wyvern,0,0,0,0,0,0.25,0.04,0.1,0.05,0.06,Tie
Flying Wyvern,0,0,0,0,0,0.01,0.13,0.16,0.51,0.16,Brute Wyvern,0,0,0,0,0,0.27,0.03,0.1,0.04,0.05,Tie
Flying Wyvern,0,0,0,0,0,0.01,0.13,0.16,0.51,0.16,Flying Wyvern,0,0,0,0,0,0.0,0.32,0.06,0.45,0.0,Random
Flying Wyvern,0,0,0,0,0,0.0,0.32,0.06,0.45,0.0,Brute Wyvern,0,0,0,0,1,0.42,0.0,0.0,0.19,0.03,Win
Flying Wyvern,0,0,0,0,0,0.0,0.32,0.06,0.45,0.0,Flying Wyvern,0,1,0,0,0,0.0,0.06,0.21,0.09,0.41,Win
Flying Wyvern,0,0,0,0,0,0.0,0.32,0.06,0.45,0.0,Flying Wyvern,0,1,0,0,0,0.0,0.02,0.09,0.02,0.36,Win
Flying Wyvern,0,0,0,0,0,0.0,0.32,0.06,0.45,0.0,Brute Wyvern,1,1,1,0,1,0.35,0.29,0.9,0.45,0.35,Lose
Flying Wyvern,0,0,0,0,0,0.0,0.32,0.06,0.45,0.0,Brute Wyvern,0,0,0,1,0,0.05,0.15,0.0,0.27,0.01,Tie
Flying Wyvern,0,0,0,0,0,0.0,0.32,0.06,0.45,0.0,Brute Wyvern,0,0,0,1,0,0.04,0.24,0.0,0.1,0.01,Tie
Flying Wyvern,0,0,0,0,0,0.0,0.32,0.06,0.45,0.0,Brute Wyvern,0,1,0,0,0,0.0,0.72,0.11,0.29,0.13,Tie
Flying Wyvern,0,0,0,0,0,0.0,0.32,0.06,0.45,0.0,Brute Wyvern,0,0,0,0,0,0.25,0.04,0.1,0.05,0.06,Tie
Flying Wyvern,0,0,0,0,0,0.0,0.32,0.06,0.45,0.0,Brute Wyvern,0,0,0,0,0,0.27,0.03,0.1,0.04,0.05,Tie
Flying Wyvern,0,0,0,0,0,0.0,0.32,0.06,0.45,0.0,Flying Wyvern,0,0,0,0,0,0.01,0.13,0.16,0.51,0.16,Random
Brute Wyvern,0,1,0,0,0,0.0,0.72,0.11,0.29,0.13,Flying Wyvern,0,0,0,0,0,0.01,0.13,0.16,0.51,0.16,Tie
Brute Wyvern,0,1,0,0,0,0.0,0.72,0.11,0.29,0.13,Flying Wyvern,0,0,0,0,0,0.0,0.32,0.06,0.45,0.0,Tie
Brute Wyvern,0,1,0,0,0,0.0,0.72,0.11,0.29,0.13,Fanged Wyvern,0,0,0,0,0,0.01,0.04,0.11,0.36,0.0,Tie
Brute Wyvern,0,1,0,0,0,0.0,0.72,0.11,0.29,0.13,Fanged Wyvern,1,0,0,0,0,0.18,0.41,0.18,0.18,0.02,Tie
Brute Wyvern,0,1,0,0,0,0.0,0.72,0.11,0.29,0.13,Flying Wyvern,0,0,1,0,1,0.01,0.19,0.69,0.09,0.29,Tie
Brute Wyvern,0,1,0,0,0,0.0,0.72,0.11,0.29,0.13,Flying Wyvern,0,0,0,0,0,0.0,0.16,0.1,0.04,0.08,Tie
Brute Wyvern,0,1,0,0,0,0.0,0.72,0.11,0.29,0.13,Fanged Wyvern,0,0,0,1,0,0.19,0.28,0.0,0.82,0.09,Tie
Brute Wyvern,0,1,0,0,0,0.0,0.72,0.11,0.29,0.13,Fanged Wyvern,1,0,0,0,0,0.09,0.36,0.82,0.18,0.0,Tie
Brute Wyvern,0,1,0,0,0,0.0,0.72,0.11,0.29,0.13,Flying Wyvern,0,1,0,0,0,0.0,0.05,0.26,0.08,0.37,Random
Brute Wyvern,0,1,0,0,0,0.0,0.72,0.11,0.29,0.13,Flying Wyvern,0,1,0,0,0,0.0,0.03,0.03,0.1,0.35,Random
Brute Wyvern,0,0,0,0,0,0.25,0.04,0.1,0.05,0.06,Flying Wyvern,0,0,0,0,0,0.01,0.13,0.16,0.51,0.16,Tie
Brute Wyvern,0,0,0,0,0,0.27,0.03,0.1,0.04,0.05,Flying Wyvern,0,0,0,0,0,0.01,0.13,0.16,0.51,0.16,Tie
Brute Wyvern,0,0,0,0,0,0.25,0.04,0.1,0.05,0.06,Flying Wyvern,0,0,0,0,0,0.0,0.32,0.06,0.45,0.0,Tie
Brute Wyvern,0,0,0,0,0,0.27,0.03,0.1,0.04,0.05,Flying Wyvern,0,0,0,0,0,0.0,0.32,0.06,0.45,0.0,Tie
Brute Wyvern,0,0,0,0,0,0.25,0.04,0.1,0.05,0.06,Fanged Wyvern,0,0,0,0,0,0.01,0.04,0.11,0.36,0.0,Tie
Brute Wyvern,0,0,0,0,0,0.27,0.03,0.1,0.04,0.05,Fanged Wyvern,0,0,0,0,0,0.01,0.04,0.11,0.36,0.0,Tie
Brute Wyvern,0,0,0,0,0,0.25,0.04,0.1,0.05,0.06,Fanged Wyvern,1,0,0,0,0,0.18,0.41,0.18,0.18,0.02,Tie
Brute Wyvern,0,0,0,0,0,0.27,0.03,0.1,0.04,0.05,Fanged Wyvern,1,0,0,0,0,0.18,0.41,0.18,0.18,0.02,Tie
Brute Wyvern,0,0,0,0,0,0.25,0.04,0.1,0.05,0.06,Flying Wyvern,0,0,1,0,1,0.01,0.19,0.69,0.09,0.29,Tie
Brute Wyvern,0,0,0,0,0,0.27,0.03,0.1,0.04,0.05,Flying Wyvern,0,0,1,0,1,0.01,0.19,0.69,0.09,0.29,Tie
Brute Wyvern,0,0,0,0,0,0.25,0.04,0.1,0.05,0.06,Flying Wyvern,0,0,0,0,0,0.0,0.16,0.1,0.04,0.08,Tie
Brute Wyvern,0,0,0,0,0,0.27,0.03,0.1,0.04,0.05,Flying Wyvern,0,0,0,0,0,0.0,0.16,0.1,0.04,0.08,Tie
Brute Wyvern,0,0,0,0,0,0.25,0.04,0.1,0.05,0.06,Fanged Wyvern,0,0,0,1,0,0.19,0.28,0.0,0.82,0.09,Tie
Brute Wyvern,0,0,0,0,0,0.27,0.03,0.1,0.04,0.05,Fanged Wyvern,0,0,0,1,0,0.19,0.28,0.0,0.82,0.09,Tie
Brute Wyvern,0,0,0,0,0,0.25,0.04,0.1,0.05,0.06,Fanged Wyvern,1,0,0,0,0,0.09,0.36,0.82,0.18,0.0,Tie
Brute Wyvern,0,0,0,0,0,0.27,0.03,0.1,0.04,0.05,Fanged Wyvern,1,0,0,0,0,0.09,0.36,0.82,0.18,0.0,Tie
Brute Wyvern,0,0,0,0,0,0.25,0.04,0.1,0.05,0.06,Flying Wyvern,0,1,0,0,0,0.0,0.05,0.26,0.08,0.37,Random
Brute Wyvern,0,0,0,0,0,0.27,0.03,0.1,0.04,0.05,Flying Wyvern,0,1,0,0,0,0.0,0.05,0.26,0.08,0.37,Random
Brute Wyvern,0,0,0,0,0,0.25,0.04,0.1,0.05,0.06,Flying Wyvern,0,1,0,0,0,0.0,0.03,0.03,0.1,0.35,Random
Brute Wyvern,0,0,0,0,0,0.27,0.03,0.1,0.04,0.05,Flying Wyvern,0,1,0,0,0,0.0,0.03,0.03,0.1,0.35,Random
Fanged Wyvern,0,0,0,0,0,0.41,0.0,0.13,0.05,0.02,Brute Wyvern,0,1,0,0,0,0.0,0.43,0.08,0.19,0.02,Lose
Fanged Wyvern,0,0,0,0,0,0.41,0.0,0.13,0.05,0.02,Brute Wyvern,0,0,0,1,0,0.05,0.15,0.0,0.27,0.01,Lose
Fanged Wyvern,0,0,0,0,0,0.41,0.0,0.13,0.05,0.02,Brute Wyvern,0,0,0,1,0,0.04,0.24,0.0,0.1,0.01,Lose
Piscine Wyvern,0,0,0,0,1,0.12,0.0,0.48,0.05,0.04,Brute Wyvern,0,0,0,0,1,0.42,0.0,0.0,0.19,0.03,Tie
Elder Dragon,0,0,0,1,0,0.2,0.16,0.0,0.18,0.06,Fanged Beast,0,0,0,1,0,0.0,0.03,0.0,0.64,0.0,Lose
Elder Dragon,0,0,0,1,0,0.2,0.16,0.0,0.18,0.06,Fanged Beast,0,0,0,1,0,0.0,0.03,0.0,0.64,0.0,Lose
Elder Dragon,1,0,1,0,0,0.14,0.02,1.0,0.0,1.0,Elder Dragon,0,1,0,0,0,0.0,0.01,0.01,0.46,0.25,Tie
Elder Dragon,1,0,1,0,0,0.14,0.02,1.0,0.0,1.0,Elder Dragon,0,0,0,0,0,0.11,0.08,0.5,0.06,0.19,Tie
Elder Dragon,1,0,1,0,0,0.14,0.02,1.0,0.0,1.0,Elder Dragon,0,0,0,0,0,0.11,0.08,0.39,0.06,0.53,Tie
Elder Dragon,1,0,1,0,0,0.14,0.02,1.0,0.0,1.0,Fanged Beast,0,0,0,1,0,0.0,0.03,0.0,0.64,0.0,Tie
Elder Dragon,1,0,1,0,0,0.14,0.02,1.0,0.0,1.0,Elder Dragon,1,1,0,0,0,0.0,0.33,0.12,0.54,0.42,Tie
Elder Dragon,1,0,1,0,0,0.14,0.02,1.0,0.0,1.0,Elder Dragon,0,0,1,0,0,0.46,0.02,0.07,0.0,0.17,Tie
Flying Wyvern,0,0,1,0,0,0.13,0.04,0.25,0.0,0.03,Flying Wyvern,0,0,0,0,0,0.27,0.0,0.12,0.05,0.05,Win
Flying Wyvern,0,0,1,0,0,0.13,0.04,0.25,0.0,0.03,Flying Wyvern,0,0,0,0,0,0.07,0.19,0.02,0.02,0.0,Win
Flying Wyvern,0,0,1,0,0,0.13,0.04,0.25,0.0,0.03,Brute Wyvern,1,1,1,0,1,0.16,0.13,0.61,0.12,0.61,Lose
Flying Wyvern,0,0,1,0,0,0.13,0.04,0.25,0.0,0.03,Brute Wyvern,1,1,1,0,1,0.35,0.29,0.9,0.45,0.35,Lose
Flying Wyvern,0,0,1,0,0,0.13,0.04,0.25,0.0,0.03,Fanged Beast,0,0,0,1,0,0.0,0.03,0.0,0.64,0.0,Lose
Flying Wyvern,0,0,1,0,0,0.13,0.04,0.25,0.0,0.03,Flying Wyvern,0,0,1,0,0,0.32,0.01,0.18,0.0,0.06,Tie
Flying Wyvern,0,0,1,0,0,0.13,0.04,0.25,0.0,0.03,Fanged Wyvern,0,0,0,0,0,0.01,0.04,0.11,0.36,0.0,Tie
Flying Wyvern,0,0,1,0,0,0.13,0.04,0.25,0.0,0.03,Fanged Wyvern,1,0,0,0,0,0.18,0.41,0.18,0.18,0.02,Tie
Flying Wyvern,0,0,1,0,0,0.19,0.02,0.07,0.0,0.01,Brute Wyvern,1,1,1,0,1,0.35,0.29,0.9,0.45,0.35,Lose
Flying Wyvern,0,0,1,0,0,0.19,0.02,0.07,0.0,0.01,Fanged Beast,0,0,0,1,0,0.0,0.03,0.0,0.64,0.0,Lose
Flying Wyvern,0,0,1,0,0,0.19,0.02,0.07,0.0,0.01,Fanged Beast,0,0,0,1,0,0.0,0.03,0.0,0.64,0.0,Lose
Flying Wyvern,0,0,1,0,0,0.19,0.02,0.07,0.0,0.01,Flying Wyvern,0,0,1,0,0,0.32,0.01,0.18,0.0,0.06,Tie
Flying Wyvern,0,0,1,0,0,0.19,0.02,0.07,0.0,0.01,Flying Wyvern,0,0,1,0,0,0.22,0.01,0.1,0.0,0.05,Tie
Flying Wyvern,0,0,1,0,0,0.19,0.02,0.07,0.0,0.01,Fanged Wyvern,0,0,0,0,0,0.01,0.04,0.11,0.36,0.0,Tie
Flying Wyvern,0,0,1,0,0,0.19,0.02,0.07,0.0,0.01,Fanged Wyvern,1,0,0,0,0,0.18,0.41,0.18,0.18,0.02,Tie
Elder Dragon,0,1,0,0,0,0.0,0.01,0.01,0.46,0.25,Elder Dragon,1,0,1,0,0,0.14,0.02,1.0,0.0,1.0,Tie
Elder Dragon,0,1,0,0,0,0.0,0.01,0.01,0.46,0.25,Elder Dragon,0,0,0,0,0,0.11,0.08,0.5,0.06,0.19,Tie
Elder Dragon,0,1,0,0,0,0.0,0.01,0.01,0.46,0.25,Elder Dragon,0,0,0,0,0,0.11,0.08,0.39,0.06,0.53,Tie
Elder Dragon,0,1,0,0,0,0.0,0.01,0.01,0.46,0.25,Fanged Beast,0,0,0,1,0,0.0,0.03,0.0,0.64,0.0,Tie
Elder Dragon,0,1,0,0,0,0.0,0.01,0.01,0.46,0.25,Elder Dragon,0,0,1,0,0,0.46,0.02,0.07,0.0,0.17,Tie
Elder Dragon,0,0,0,1,1,0.38,0.0,0.0,0.11,0.26,Brute Wyvern,1,1,1,0,1,0.35,0.29,0.9,0.45,0.35,Tie
Elder Dragon,0,0,0,1,1,0.38,0.0,0.0,0.11,0.26,Fanged Beast,0,0,0,1,0,0.0,0.03,0.0,0.64,0.0,Tie
Flying Wyvern,0,0,0,0,0,0.45,0.03,0.85,0.1,0.24,Brute Wyvern,0,0,0,1,0,0.05,0.15,0.0,0.27,0.01,Tie
Flying Wyvern,0,0,0,0,0,0.45,0.03,0.85,0.1,0.24,Brute Wyvern,0,0,0,1,0,0.04,0.24,0.0,0.1,0.01,Tie
Flying Wyvern,0,0,0,0,0,0.45,0.03,0.85,0.1,0.24,Fanged Wyvern,0,0,0,0,0,0.01,0.04,0.11,0.36,0.0,Tie
Flying Wyvern,0,0,0,0,0,0.45,0.03,0.85,0.1,0.24,Fanged Wyvern,1,0,0,0,0,0.18,0.41,0.18,0.18,0.02,Tie
Flying Wyvern,0,0,0,0,0,0.45,0.03,0.85,0.1,0.24,Flying Wyvern,0,1,0,0,0,0.0,0.05,0.26,0.08,0.37,Tie
Flying Wyvern,0,0,0,0,0,0.45,0.03,0.85,0.1,0.24,Flying Wyvern,0,1,0,0,0,0.0,0.03,0.03,0.1,0.35,Tie
Elder Dragon,0,0,0,0,0,0.11,0.08,0.5,0.06,0.19,Elder Dragon,1,0,1,0,0,0.14,0.02,1.0,0.0,1.0,Tie
Elder Dragon,0,0,0,0,0,0.11,0.08,0.5,0.06,0.19,Elder Dragon,0,1,0,0,0,0.0,0.01,0.01,0.46,0.25,Tie
Elder Dragon,0,0,0,0,0,0.11,0.08,0.5,0.06,0.19,Elder Dragon,1,1,0,0,0,0.0,0.33,0.12,0.54,0.42,Tie
Elder Dragon,0,0,0,0,0,0.11,0.08,0.39,0.06,0.53,Brute Wyvern,1,1,1,0,1,0.35,0.29,0.9,0.45,0.35,Tie
Elder Dragon,0,0,0,0,0,0.11,0.08,0.39,0.06,0.53,Elder Dragon,1,0,1,0,0,0.14,0.02,1.0,0.0,1.0,Tie
Elder Dragon,0,0,0,0,0,0.11,0.08,0.39,0.06,0.53,Elder Dragon,0,1,0,0,0,0.0,0.01,0.01,0.46,0.25,Tie
Elder Dragon,0,0,0,0,0,0.11,0.08,0.39,0.06,0.53,Fanged Beast,0,0,0,1,0,0.0,0.03,0.0,0.64,0.0,Tie
Elder Dragon,0,0,0,0,0,0.11,0.08,0.39,0.06,0.53,Fanged Beast,0,0,0,1,0,0.0,0.03,0.0,0.64,0.0,Tie
Elder Dragon,0,0,0,0,0,0.11,0.08,0.39,0.06,0.53,Elder Dragon,1,1,0,0,0,0.0,0.33,0.12,0.54,0.42,Tie
Elder Dragon,0,0,0,0,0,0.11,0.08,0.39,0.06,0.53,Elder Dragon,0,0,1,0,0,0.46,0.02,0.07,0.0,0.17,Tie
Fanged Wyvern,0,0,0,0,0,0.01,0.04,0.11,0.36,0.0,Flying Wyvern,0,0,0,0,0,0.27,0.0,0.12,0.05,0.05,Win
Fanged Wyvern,0,0,0,0,0,0.01,0.04,0.11,0.36,0.0,Flying Wyvern,0,0,0,0,0,0.07,0.19,0.02,0.02,0.0,Win
Flying Wyvern,0,0,0,0,0,0.07,0.19,0.02,0.02,0.0,Fanged Wyvern,0,0,0,0,0,0.01,0.04,0.11,0.36,0.0,Lose
Fanged Wyvern,0,0,0,0,0,0.01,0.04,0.11,0.36,0.0,Bird Wyvern,0,0,0,0,0,0.12,0.12,0.21,0.21,0.12,Win
Fanged Wyvern,0,0,0,0,0,0.01,0.04,0.11,0.36,0.0,Brute Wyvern,0,0,0,0,0,0.08,0.08,0.08,0.1,0.19,Win
Fanged Wyvern,0,0,0,0,0,0.01,0.04,0.11,0.36,0.0,Brute Wyvern,0,1,0,0,0,0.0,0.86,0.01,0.43,0.85,Win
Fanged Wyvern,0,0,0,0,0,0.01,0.04,0.11,0.36,0.0,Elder Dragon,0,0,0,0,0,0.4,0.02,0.08,0.17,0.12,Lose
Fanged Wyvern,0,0,0,0,0,0.01,0.04,0.11,0.36,0.0,Elder Dragon,0,0,0,0,0,0.34,0.04,0.09,0.18,0.31,Lose
Fanged Wyvern,0,0,0,0,0,0.01,0.04,0.11,0.36,0.0,Flying Wyvern,0,0,1,0,0,0.32,0.01,0.18,0.0,0.06,Tie
Fanged Wyvern,0,0,0,0,0,0.01,0.04,0.11,0.36,0.0,Brute Wyvern,0,0,0,0,0,0.0,0.23,0.03,0.18,0.01,Tie
Fanged Wyvern,0,0,0,0,0,0.01,0.04,0.11,0.36,0.0,Brute Wyvern,0,1,0,0,0,0.0,0.72,0.11,0.29,0.13,Tie
Fanged Wyvern,0,0,0,0,0,0.01,0.04,0.11,0.36,0.0,Brute Wyvern,0,0,0,0,0,0.25,0.04,0.1,0.05,0.06,Tie
Fanged Wyvern,0,0,0,0,0,0.01,0.04,0.11,0.36,0.0,Brute Wyvern,0,0,0,0,0,0.27,0.03,0.1,0.04,0.05,Tie
Fanged Wyvern,0,0,0,0,0,0.01,0.04,0.11,0.36,0.0,Flying Wyvern,0,0,1,0,0,0.13,0.04,0.25,0.0,0.03,Tie
Fanged Wyvern,0,0,0,0,0,0.01,0.04,0.11,0.36,0.0,Flying Wyvern,0,0,1,0,0,0.19,0.02,0.07,0.0,0.01,Tie
Fanged Wyvern,0,0,0,0,0,0.01,0.04,0.11,0.36,0.0,Flying Wyvern,0,0,0,0,0,0.45,0.03,0.85,0.1,0.24,Tie
Fanged Wyvern,0,0,0,0,0,0.01,0.04,0.11,0.36,0.0,Flying Wyvern,0,1,0,0,0,0.0,0.05,0.26,0.08,0.37,Tie
Fanged Wyvern,0,0,0,0,0,0.01,0.04,0.11,0.36,0.0,Flying Wyvern,0,1,0,0,0,0.0,0.03,0.03,0.1,0.35,Tie
Fanged Wyvern,0,0,0,0,0,0.01,0.04,0.11,0.36,0.0,Flying Wyvern,0,0,1,0,1,0.01,0.19,0.69,0.09,0.29,Tie
Fanged Wyvern,0,0,0,0,0,0.01,0.04,0.11,0.36,0.0,Flying Wyvern,0,0,0,0,0,0.0,0.16,0.1,0.04,0.08,Tie
Fanged Wyvern,1,0,0,0,0,0.18,0.41,0.18,0.18,0.02,Flying Wyvern,0,0,0,0,0,0.27,0.0,0.12,0.05,0.05,Win
Fanged Wyvern,1,0,0,0,0,0.18,0.41,0.18,0.18,0.02,Flying Wyvern,0,0,0,0,0,0.07,0.19,0.02,0.02,0.0,Win
Fanged Wyvern,1,0,0,0,0,0.18,0.41,0.18,0.18,0.02,Bird Wyvern,0,0,0,0,0,0.12,0.12,0.21,0.21,0.12,Win
Fanged Wyvern,1,0,0,0,0,0.18,0.41,0.18,0.18,0.02,Brute Wyvern,0,0,0,0,0,0.08,0.08,0.08,0.1,0.19,Win
Fanged Wyvern,1,0,0,0,0,0.18,0.41,0.18,0.18,0.02,Brute Wyvern,0,1,0,0,0,0.0,0.86,0.01,0.43,0.85,Win
Fanged Wyvern,1,0,0,0,0,0.18,0.41,0.18,0.18,0.02,Elder Dragon,0,0,0,0,0,0.34,0.04,0.09,0.18,0.31,Lose
Fanged Wyvern,1,0,0,0,0,0.18,0.41,0.18,0.18,0.02,Flying Wyvern,0,0,1,0,0,0.32,0.01,0.18,0.0,0.06,Tie
Fanged Wyvern,1,0,0,0,0,0.18,0.41,0.18,0.18,0.02,Flying Wyvern,0,0,1,0,0,0.22,0.01,0.1,0.0,0.05,Tie
Fanged Wyvern,1,0,0,0,0,0.18,0.41,0.18,0.18,0.02,Brute Wyvern,0,0,0,0,0,0.0,0.23,0.03,0.18,0.01,Tie
Fanged Wyvern,1,0,0,0,0,0.18,0.41,0.18,0.18,0.02,Brute Wyvern,0,1,0,0,0,0.0,0.72,0.11,0.29,0.13,Tie
Fanged Wyvern,1,0,0,0,0,0.18,0.41,0.18,0.18,0.02,Brute Wyvern,0,0,0,0,0,0.25,0.04,0.1,0.05,0.06,Tie
Fanged Wyvern,1,0,0,0,0,0.18,0.41,0.18,0.18,0.02,Brute Wyvern,0,0,0,0,0,0.27,0.03,0.1,0.04,0.05,Tie
Fanged Wyvern,1,0,0,0,0,0.18,0.41,0.18,0.18,0.02,Flying Wyvern,0,0,1,0,0,0.13,0.04,0.25,0.0,0.03,Tie
Fanged Wyvern,1,0,0,0,0,0.18,0.41,0.18,0.18,0.02,Flying Wyvern,0,0,1,0,0,0.19,0.02,0.07,0.0,0.01,Tie
Fanged Wyvern,1,0,0,0,0,0.18,0.41,0.18,0.18,0.02,Flying Wyvern,0,0,0,0,0,0.45,0.03,0.85,0.1,0.24,Tie
Fanged Wyvern,1,0,0,0,0,0.18,0.41,0.18,0.18,0.02,Flying Wyvern,0,1,0,0,0,0.0,0.05,0.26,0.08,0.37,Tie
Fanged Wyvern,1,0,0,0,0,0.18,0.41,0.18,0.18,0.02,Flying Wyvern,0,1,0,0,0,0.0,0.03,0.03,0.1,0.35,Tie
Fanged Wyvern,1,0,0,0,0,0.18,0.41,0.18,0.18,0.02,Flying Wyvern,0,0,1,0,1,0.01,0.19,0.69,0.09,0.29,Tie
Fanged Wyvern,1,0,0,0,0,0.18,0.41,0.18,0.18,0.02,Flying Wyvern,0,0,0,0,0,0.0,0.16,0.1,0.04,0.08,Tie
Flying Wyvern,0,0,0,0,0,0.27,0.0,0.12,0.05,0.05,Flying Wyvern,0,0,1,0,0,0.13,0.04,0.25,0.0,0.03,Lose
Flying Wyvern,0,0,0,0,0,0.27,0.0,0.12,0.05,0.05,Fanged Wyvern,0,0,0,0,0,0.01,0.04,0.11,0.36,0.0,Lose
Flying Wyvern,0,0,0,0,0,0.27,0.0,0.12,0.05,0.05,Fanged Wyvern,1,0,0,0,0,0.18,0.41,0.18,0.18,0.02,Lose
Flying Wyvern,0,0,0,0,0,0.27,0.0,0.12,0.05,0.05,Fanged Beast,0,0,0,1,0,0.0,0.03,0.0,0.64,0.0,Lose
Flying Wyvern,0,0,0,0,0,0.07,0.19,0.02,0.02,0.0,Flying Wyvern,0,0,1,0,0,0.13,0.04,0.25,0.0,0.03,Lose
Flying Wyvern,0,0,0,0,0,0.07,0.19,0.02,0.02,0.0,Fanged Wyvern,1,0,0,0,0,0.18,0.41,0.18,0.18,0.02,Lose
Flying Wyvern,0,0,0,0,0,0.07,0.19,0.02,0.02,0.0,Fanged Beast,0,0,0,1,0,0.0,0.03,0.0,0.64,0.0,Lose
Bird Wyvern,0,0,0,0,0,0.05,0.0,0.35,0.12,0.02,Fanged Beast,0,0,0,1,0,0.0,0.03,0.0,0.64,0.0,Lose
Bird Wyvern,0,0,0,0,1,0.01,0.0,0.03,0.17,0.01,Fanged Beast,0,0,0,1,0,0.0,0.03,0.0,0.64,0.0,Lose
Brute Wyvern,0,0,0,0,0,0.08,0.08,0.08,0.1,0.19,Fanged Wyvern,0,0,0,0,0,0.01,0.04,0.11,0.36,0.0,Lose
Brute Wyvern,0,0,0,0,0,0.08,0.08,0.08,0.1,0.19,Fanged Wyvern,1,0,0,0,0,0.18,0.41,0.18,0.18,0.02,Lose
Fanged Beast,0,0,0,1,0,0.0,0.03,0.0,0.64,0.0,Elder Dragon,0,0,0,1,0,0.2,0.16,0.0,0.18,0.06,Win
Fanged Beast,0,0,0,1,0,0.0,0.03,0.0,0.64,0.0,Flying Wyvern,0,0,1,0,0,0.13,0.04,0.25,0.0,0.03,Win
Fanged Beast,0,0,0,1,0,0.0,0.03,0.0,0.64,0.0,Flying Wyvern,0,0,1,0,0,0.19,0.02,0.07,0.0,0.01,Win
Fanged Beast,0,0,0,1,0,0.0,0.03,0.0,0.64,0.0,Flying Wyvern,0,0,0,0,0,0.27,0.0,0.12,0.05,0.05,Win
Fanged Beast,0,0,0,1,0,0.0,0.03,0.0,0.64,0.0,Flying Wyvern,0,0,0,0,0,0.07,0.19,0.02,0.02,0.0,Win
Fanged Beast,0,0,0,1,0,0.0,0.03,0.0,0.64,0.0,Bird Wyvern,0,0,0,0,0,0.05,0.0,0.35,0.12,0.02,Win
Fanged Beast,0,0,0,1,0,0.0,0.03,0.0,0.64,0.0,Bird Wyvern,0,0,0,0,1,0.01,0.0,0.03,0.17,0.01,Win
Fanged Beast,0,0,0,1,0,0.0,0.03,0.0,0.64,0.0,Flying Wyvern,0,1,0,0,0,0.0,0.05,0.26,0.08,0.37,Win
Fanged Beast,0,0,0,1,0,0.0,0.03,0.0,0.64,0.0,Flying Wyvern,0,1,0,0,0,0.0,0.03,0.03,0.1,0.35,Win
Fanged Beast,0,0,0,1,0,0.0,0.03,0.0,0.64,0.0,Flying Wyvern,0,1,0,0,0,0.0,0.06,0.21,0.09,0.41,Win
Fanged Beast,0,0,0,1,0,0.0,0.03,0.0,0.64,0.0,Flying Wyvern,0,1,0,0,0,0.0,0.02,0.09,0.02,0.36,Win
Fanged Beast,0,0,0,1,0,0.0,0.03,0.0,0.64,0.0,Bird Wyvern,0,1,0,0,0,0.01,0.34,0.01,0.18,0.08,Win
Bird Wyvern,0,1,0,0,0,0.01,0.34,0.01,0.18,0.08,Fanged Beast,0,0,0,1,0,0.0,0.03,0.0,0.64,0.0,Lose
Fanged Beast,0,0,0,1,0,0.0,0.03,0.0,0.64,0.0,Bird Wyvern,0,1,0,0,0,0.01,0.64,0.01,0.15,0.09,Win
Bird Wyvern,0,1,0,0,0,0.01,0.64,0.01,0.15,0.09,Fanged Beast,0,0,0,1,0,0.0,0.03,0.0,0.64,0.0,Lose
Fanged Beast,0,0,0,1,0,0.0,0.03,0.0,0.64,0.0,Brute Wyvern,1,1,1,0,1,0.35,0.29,0.9,0.45,0.35,Tie
Fanged Beast,0,0,0,1,0,0.0,0.03,0.0,0.64,0.0,Elder Dragon,1,0,1,0,0,0.14,0.02,1.0,0.0,1.0,Tie
Fanged Beast,0,0,0,1,0,0.0,0.03,0.0,0.64,0.0,Elder Dragon,0,1,0,0,0,0.0,0.01,0.01,0.46,0.25,Tie
Fanged Beast,0,0,0,1,0,0.0,0.03,0.0,0.64,0.0,Elder Dragon,0,0,0,1,1,0.38,0.0,0.0,0.11,0.26,Tie
Fanged Beast,0,0,0,1,0,0.0,0.03,0.0,0.64,0.0,Elder Dragon,0,0,0,0,0,0.11,0.08,0.39,0.06,0.53,Tie
Fanged Beast,0,0,0,1,0,0.0,0.03,0.0,0.64,0.0,Elder Dragon,1,1,0,0,0,0.0,0.33,0.12,0.54,0.42,Tie
Fanged Beast,0,0,0,1,0,0.0,0.03,0.0,0.64,0.0,Elder Dragon,0,0,0,0,0,0.34,0.04,0.09,0.18,0.31,Tie
Fanged Beast,0,0,0,1,0,0.0,0.03,0.0,0.64,0.0,Elder Dragon,0,0,1,0,0,0.46,0.02,0.07,0.0,0.17,Tie
Fanged Beast,0,0,0,1,0,0.0,0.03,0.0,0.64,0.0,Elder Dragon,0,0,0,1,0,0.2,0.16,0.0,0.18,0.06,Win
Fanged Beast,0,0,0,1,0,0.0,0.03,0.0,0.64,0.0,Flying Wyvern,0,0,1,0,0,0.19,0.02,0.07,0.0,0.01,Win
Fanged Beast,0,0,0,1,0,0.0,0.03,0.0,0.64,0.0,Elder Dragon,0,0,0,0,0,0.11,0.08,0.39,0.06,0.53,Tie
Fanged Beast,0,0,0,1,0,0.0,0.03,0.0,0.64,0.0,Elder Dragon,0,0,0,0,0,0.34,0.04,0.09,0.18,0.31,Tie
Flying Wyvern,0,1,0,0,0,0.0,0.05,0.26,0.08,0.37,Brute Wyvern,0,1,0,0,0,0.0,0.43,0.08,0.19,0.02,Win
Flying Wyvern,0,1,0,0,0,0.0,0.05,0.26,0.08,0.37,Brute Wyvern,1,1,1,0,1,0.16,0.13,0.61,0.12,0.61,Lose
Flying Wyvern,0,1,0,0,0,0.0,0.05,0.26,0.08,0.37,Brute Wyvern,1,1,1,0,1,0.35,0.29,0.9,0.45,0.35,Lose
Flying Wyvern,0,1,0,0,0,0.0,0.05,0.26,0.08,0.37,Fanged Beast,0,0,0,1,0,0.0,0.03,0.0,0.64,0.0,Lose
Flying Wyvern,0,1,0,0,0,0.0,0.05,0.26,0.08,0.37,Brute Wyvern,0,0,0,0,0,0.0,0.23,0.03,0.18,0.01,Tie
Flying Wyvern,0,1,0,0,0,0.0,0.05,0.26,0.08,0.37,Flying Wyvern,0,0,0,0,0,0.45,0.03,0.85,0.1,0.24,Tie
Flying Wyvern,0,1,0,0,0,0.0,0.05,0.26,0.08,0.37,Fanged Wyvern,0,0,0,0,0,0.01,0.04,0.11,0.36,0.0,Tie
Flying Wyvern,0,1,0,0,0,0.0,0.05,0.26,0.08,0.37,Fanged Wyvern,1,0,0,0,0,0.18,0.41,0.18,0.18,0.02,Tie
Flying Wyvern,0,1,0,0,0,0.0,0.05,0.26,0.08,0.37,Flying Wyvern,0,0,1,0,1,0.01,0.19,0.69,0.09,0.29,Tie
Flying Wyvern,0,1,0,0,0,0.0,0.05,0.26,0.08,0.37,Flying Wyvern,0,0,0,0,0,0.0,0.16,0.1,0.04,0.08,Tie
Flying Wyvern,0,1,0,0,0,0.0,0.05,0.26,0.08,0.37,Fanged Wyvern,0,0,0,1,0,0.19,0.28,0.0,0.82,0.09,Tie
Flying Wyvern,0,1,0,0,0,0.0,0.05,0.26,0.08,0.37,Fanged Wyvern,1,0,0,0,0,0.09,0.36,0.82,0.18,0.0,Tie
Flying Wyvern,0,1,0,0,0,0.0,0.05,0.26,0.08,0.37,Brute Wyvern,0,1,0,0,0,0.0,0.72,0.11,0.29,0.13,Random
Flying Wyvern,0,1,0,0,0,0.0,0.05,0.26,0.08,0.37,Brute Wyvern,0,0,0,0,0,0.25,0.04,0.1,0.05,0.06,Random
Flying Wyvern,0,1,0,0,0,0.0,0.05,0.26,0.08,0.37,Brute Wyvern,0,0,0,0,0,0.27,0.03,0.1,0.04,0.05,Random
Flying Wyvern,0,1,0,0,0,0.0,0.03,0.03,0.1,0.35,Brute Wyvern,0,1,0,0,0,0.0,0.43,0.08,0.19,0.02,Win
Flying Wyvern,0,1,0,0,0,0.0,0.03,0.03,0.1,0.35,Brute Wyvern,1,1,1,0,1,0.35,0.29,0.9,0.45,0.35,Lose
Flying Wyvern,0,1,0,0,0,0.0,0.03,0.03,0.1,0.35,Fanged Beast,0,0,0,1,0,0.0,0.03,0.0,0.64,0.0,Lose
Flying Wyvern,0,1,0,0,0,0.0,0.03,0.03,0.1,0.35,Brute Wyvern,0,0,0,0,0,0.0,0.23,0.03,0.18,0.01,Tie
Flying Wyvern,0,1,0,0,0,0.0,0.03,0.03,0.1,0.35,Flying Wyvern,0,0,0,0,0,0.45,0.03,0.85,0.1,0.24,Tie
Flying Wyvern,0,1,0,0,0,0.0,0.03,0.03,0.1,0.35,Fanged Wyvern,0,0,0,0,0,0.01,0.04,0.11,0.36,0.0,Tie
Flying Wyvern,0,1,0,0,0,0.0,0.03,0.03,0.1,0.35,Fanged Wyvern,1,0,0,0,0,0.18,0.41,0.18,0.18,0.02,Tie
Flying Wyvern,0,1,0,0,0,0.0,0.03,0.03,0.1,0.35,Flying Wyvern,0,0,1,0,1,0.01,0.19,0.69,0.09,0.29,Tie
Flying Wyvern,0,1,0,0,0,0.0,0.03,0.03,0.1,0.35,Flying Wyvern,0,0,0,0,0,0.0,0.16,0.1,0.04,0.08,Tie
Flying Wyvern,0,1,0,0,0,0.0,0.03,0.03,0.1,0.35,Fanged Wyvern,0,0,0,1,0,0.19,0.28,0.0,0.82,0.09,Tie
Flying Wyvern,0,1,0,0,0,0.0,0.03,0.03,0.1,0.35,Fanged Wyvern,1,0,0,0,0,0.09,0.36,0.82,0.18,0.0,Tie
Flying Wyvern,0,1,0,0,0,0.0,0.03,0.03,0.1,0.35,Brute Wyvern,0,1,0,0,0,0.0,0.72,0.11,0.29,0.13,Random
Flying Wyvern,0,1,0,0,0,0.0,0.03,0.03,0.1,0.35,Brute Wyvern,0,0,0,0,0,0.25,0.04,0.1,0.05,0.06,Random
Flying Wyvern,0,1,0,0,0,0.0,0.03,0.03,0.1,0.35,Brute Wyvern,0,0,0,0,0,0.27,0.03,0.1,0.04,0.05,Random
Flying Wyvern,0,1,0,0,0,0.0,0.06,0.21,0.09,0.41,Flying Wyvern,0,0,0,0,0,0.01,0.13,0.16,0.51,0.16,Lose
Flying Wyvern,0,1,0,0,0,0.0,0.06,0.21,0.09,0.41,Flying Wyvern,0,0,0,0,0,0.0,0.32,0.06,0.45,0.0,Lose
Flying Wyvern,0,1,0,0,0,0.0,0.06,0.21,0.09,0.41,Fanged Beast,0,0,0,1,0,0.0,0.03,0.0,0.64,0.0,Lose
Flying Wyvern,0,1,0,0,0,0.0,0.02,0.09,0.02,0.36,Flying Wyvern,0,0,0,0,0,0.01,0.13,0.16,0.51,0.16,Lose
Flying Wyvern,0,1,0,0,0,0.0,0.02,0.09,0.02,0.36,Flying Wyvern,0,0,0,0,0,0.0,0.32,0.06,0.45,0.0,Lose
Flying Wyvern,0,1,0,0,0,0.0,0.02,0.09,0.02,0.36,Fanged Beast,0,0,0,1,0,0.0,0.03,0.0,0.64,0.0,Lose
Elder Dragon,1,1,0,0,0,0.0,0.33,0.12,0.54,0.42,Elder Dragon,1,0,1,0,0,0.14,0.02,1.0,0.0,1.0,Tie
Elder Dragon,1,1,0,0,0,0.0,0.33,0.12,0.54,0.42,Elder Dragon,0,0,0,0,0,0.11,0.08,0.5,0.06,0.19,Tie
Elder Dragon,1,1,0,0,0,0.0,0.33,0.12,0.54,0.42,Elder Dragon,0,0,0,0,0,0.11,0.08,0.39,0.06,0.53,Tie
Elder Dragon,1,1,0,0,0,0.0,0.33,0.12,0.54,0.42,Fanged Beast,0,0,0,1,0,0.0,0.03,0.0,0.64,0.0,Tie
Elder Dragon,1,1,0,0,0,0.0,0.33,0.12,0.54,0.42,Elder Dragon,0,0,1,0,0,0.46,0.02,0.07,0.0,0.17,Tie
Flying Wyvern,0,0,1,0,1,0.01,0.19,0.69,0.09,0.29,Brute Wyvern,0,0,0,1,0,0.05,0.15,0.0,0.27,0.01,Tie
Flying Wyvern,0,0,1,0,1,0.01,0.19,0.69,0.09,0.29,Brute Wyvern,0,0,0,1,0,0.04,0.24,0.0,0.1,0.01,Tie
Flying Wyvern,0,0,1,0,1,0.01,0.19,0.69,0.09,0.29,Brute Wyvern,0,0,0,0,0,0.0,0.23,0.03,0.18,0.01,Tie
Flying Wyvern,0,0,1,0,1,0.01,0.19,0.69,0.09,0.29,Brute Wyvern,0,1,0,0,0,0.0,0.72,0.11,0.29,0.13,Tie
Flying Wyvern,0,0,1,0,1,0.01,0.19,0.69,0.09,0.29,Brute Wyvern,0,0,0,0,0,0.25,0.04,0.1,0.05,0.06,Tie
Flying Wyvern,0,0,1,0,1,0.01,0.19,0.69,0.09,0.29,Brute Wyvern,0,0,0,0,0,0.27,0.03,0.1,0.04,0.05,Tie
Flying Wyvern,0,0,1,0,1,0.01,0.19,0.69,0.09,0.29,Fanged Wyvern,0,0,0,0,0,0.01,0.04,0.11,0.36,0.0,Tie
Flying Wyvern,0,0,1,0,1,0.01,0.19,0.69,0.09,0.29,Fanged Wyvern,1,0,0,0,0,0.18,0.41,0.18,0.18,0.02,Tie
Flying Wyvern,0,0,1,0,1,0.01,0.19,0.69,0.09,0.29,Flying Wyvern,0,1,0,0,0,0.0,0.05,0.26,0.08,0.37,Tie
Flying Wyvern,0,0,1,0,1,0.01,0.19,0.69,0.09,0.29,Flying Wyvern,0,1,0,0,0,0.0,0.03,0.03,0.1,0.35,Tie
Flying Wyvern,0,0,0,0,0,0.0,0.16,0.1,0.04,0.08,Brute Wyvern,0,0,0,1,0,0.05,0.15,0.0,0.27,0.01,Tie
Flying Wyvern,0,0,0,0,0,0.0,0.16,0.1,0.04,0.08,Brute Wyvern,0,0,0,1,0,0.04,0.24,0.0,0.1,0.01,Tie
Flying Wyvern,0,0,0,0,0,0.0,0.16,0.1,0.04,0.08,Brute Wyvern,0,0,0,0,0,0.0,0.23,0.03,0.18,0.01,Tie
Flying Wyvern,0,0,0,0,0,0.0,0.16,0.1,0.04,0.08,Brute Wyvern,0,1,0,0,0,0.0,0.72,0.11,0.29,0.13,Tie
Flying Wyvern,0,0,0,0,0,0.0,0.16,0.1,0.04,0.08,Brute Wyvern,0,0,0,0,0,0.25,0.04,0.1,0.05,0.06,Tie
Flying Wyvern,0,0,0,0,0,0.0,0.16,0.1,0.04,0.08,Brute Wyvern,0,0,0,0,0,0.27,0.03,0.1,0.04,0.05,Tie
Flying Wyvern,0,0,0,0,0,0.0,0.16,0.1,0.04,0.08,Fanged Wyvern,0,0,0,0,0,0.01,0.04,0.11,0.36,0.0,Tie
Flying Wyvern,0,0,0,0,0,0.0,0.16,0.1,0.04,0.08,Fanged Wyvern,1,0,0,0,0,0.18,0.41,0.18,0.18,0.02,Tie
Flying Wyvern,0,0,0,0,0,0.0,0.16,0.1,0.04,0.08,Flying Wyvern,0,1,0,0,0,0.0,0.05,0.26,0.08,0.37,Tie
Flying Wyvern,0,0,0,0,0,0.0,0.16,0.1,0.04,0.08,Flying Wyvern,0,1,0,0,0,0.0,0.03,0.03,0.1,0.35,Tie
Fanged Wyvern,0,0,0,1,0,0.08,0.32,0.0,0.08,0.02,Brute Wyvern,0,1,0,0,0,0.0,0.43,0.08,0.19,0.02,Lose
Fanged Wyvern,0,0,0,1,0,0.08,0.32,0.0,0.08,0.02,Brute Wyvern,0,0,0,1,0,0.05,0.15,0.0,0.27,0.01,Lose
Fanged Wyvern,0,0,0,1,0,0.08,0.32,0.0,0.08,0.02,Brute Wyvern,0,0,0,1,0,0.04,0.24,0.0,0.1,0.01,Lose
Fanged Wyvern,0,0,0,0,0,0.01,0.0,0.17,0.08,0.01,Brute Wyvern,0,1,0,0,0,0.0,0.43,0.08,0.19,0.02,Lose
Fanged Wyvern,0,0,0,0,0,0.01,0.0,0.17,0.08,0.01,Brute Wyvern,0,0,0,1,0,0.05,0.15,0.0,0.27,0.01,Lose
Fanged Wyvern,0,0,0,0,0,0.01,0.0,0.17,0.08,0.01,Brute Wyvern,0,0,0,1,0,0.04,0.24,0.0,0.1,0.01,Lose
Bird Wyvern,0,0,0,0,0,0.12,0.12,0.21,0.21,0.12,Fanged Wyvern,0,0,0,0,0,0.01,0.04,0.11,0.36,0.0,Lose
Bird Wyvern,0,0,0,0,0,0.12,0.12,0.21,0.21,0.12,Fanged Wyvern,1,0,0,0,0,0.18,0.41,0.18,0.18,0.02,Lose
Brute Wyvern,0,1,0,0,0,0.0,0.86,0.01,0.43,0.85,Fanged Wyvern,0,0,0,0,0,0.01,0.04,0.11,0.36,0.0,Lose
Brute Wyvern,0,1,0,0,0,0.0,0.86,0.01,0.43,0.85,Fanged Wyvern,1,0,0,0,0,0.18,0.41,0.18,0.18,0.02,Lose
Elder Dragon,0,0,0,0,0,0.4,0.02,0.08,0.17,0.12,Fanged Wyvern,0,0,0,0,0,0.01,0.04,0.11,0.36,0.0,Win
Elder Dragon,0,0,0,0,0,0.34,0.04,0.09,0.18,0.31,Fanged Wyvern,0,0,0,0,0,0.01,0.04,0.11,0.36,0.0,Win
Elder Dragon,0,0,0,0,0,0.34,0.04,0.09,0.18,0.31,Fanged Wyvern,1,0,0,0,0,0.18,0.41,0.18,0.18,0.02,Win
Elder Dragon,0,0,0,0,0,0.34,0.04,0.09,0.18,0.31,Brute Wyvern,1,1,1,0,1,0.35,0.29,0.9,0.45,0.35,Tie
Elder Dragon,0,0,0,0,0,0.34,0.04,0.09,0.18,0.31,Fanged Beast,0,0,0,1,0,0.0,0.03,0.0,0.64,0.0,Tie
Elder Dragon,0,0,0,0,0,0.34,0.04,0.09,0.18,0.31,Fanged Beast,0,0,0,1,0,0.0,0.03,0.0,0.64,0.0,Tie
Elder Dragon,0,0,1,0,0,0.46,0.02,0.07,0.0,0.17,Brute Wyvern,1,1,1,0,1,0.35,0.29,0.9,0.45,0.35,Tie
Elder Dragon,0,0,1,0,0,0.46,0.02,0.07,0.0,0.17,Elder Dragon,1,0,1,0,0,0.14,0.02,1.0,0.0,1.0,Tie
Elder Dragon,0,0,1,0,0,0.46,0.02,0.07,0.0,0.17,Elder Dragon,0,1,0,0,0,0.0,0.01,0.01,0.46,0.25,Tie
Elder Dragon,0,0,1,0,0,0.46,0.02,0.07,0.0,0.17,Elder Dragon,0,0,0,0,0,0.11,0.08,0.39,0.06,0.53,Tie
Elder Dragon,0,0,1,0,0,0.46,0.02,0.07,0.0,0.17,Fanged Beast,0,0,0,1,0,0.0,0.03,0.0,0.64,0.0,Tie
Elder Dragon,0,0,1,0,0,0.46,0.02,0.07,0.0,0.17,Elder Dragon,1,1,0,0,0,0.0,0.33,0.12,0.54,0.42,Tie
Bird Wyvern,0,1,0,0,0,0.01,0.34,0.01,0.18,0.08,Fanged Beast,0,0,0,1,0,0.0,0.03,0.0,0.64,0.0,Win
Fanged Beast,0,0,0,1,0,0.0,0.03,0.0,0.64,0.0,Bird Wyvern,0,1,0,0,0,0.01,0.34,0.01,0.18,0.08,Lose
Bird Wyvern,0,1,0,0,0,0.01,0.34,0.01,0.18,0.08,Fanged Wyvern,0,0,0,1,0,0.19,0.28,0.0,0.82,0.09,Tie
Bird Wyvern,0,1,0,0,0,0.01,0.34,0.01,0.18,0.08,Fanged Wyvern,1,0,0,0,0,0.09,0.36,0.82,0.18,0.0,Tie
Bird Wyvern,0,1,0,0,0,0.01,0.64,0.01,0.15,0.09,Fanged Beast,0,0,0,1,0,0.0,0.03,0.0,0.64,0.0,Win
Fanged Beast,0,0,0,1,0,0.0,0.03,0.0,0.64,0.0,Bird Wyvern,0,1,0,0,0,0.01,0.64,0.01,0.15,0.09,Lose
Bird Wyvern,0,1,0,0,0,0.01,0.64,0.01,0.15,0.09,Fanged Wyvern,0,0,0,1,0,0.19,0.28,0.0,0.82,0.09,Tie
Bird Wyvern,0,1,0,0,0,0.01,0.64,0.01,0.15,0.09,Fanged Wyvern,1,0,0,0,0,0.09,0.36,0.82,0.18,0.0,Tie
Fanged Wyvern,0,0,0,1,0,0.19,0.28,0.0,0.82,0.09,Brute Wyvern,0,0,0,1,0,0.05,0.15,0.0,0.27,0.01,Tie
Fanged Wyvern,0,0,0,1,0,0.19,0.28,0.0,0.82,0.09,Brute Wyvern,0,0,0,1,0,0.04,0.24,0.0,0.1,0.01,Tie
Fanged Wyvern,0,0,0,1,0,0.19,0.28,0.0,0.82,0.09,Brute Wyvern,0,0,0,0,0,0.0,0.23,0.03,0.18,0.01,Tie
Fanged Wyvern,0,0,0,1,0,0.19,0.28,0.0,0.82,0.09,Brute Wyvern,0,1,0,0,0,0.0,0.72,0.11,0.29,0.13,Tie
Fanged Wyvern,0,0,0,1,0,0.19,0.28,0.0,0.82,0.09,Brute Wyvern,0,0,0,0,0,0.25,0.04,0.1,0.05,0.06,Tie
Fanged Wyvern,0,0,0,1,0,0.19,0.28,0.0,0.82,0.09,Brute Wyvern,0,0,0,0,0,0.27,0.03,0.1,0.04,0.05,Tie
Fanged Wyvern,0,0,0,1,0,0.19,0.28,0.0,0.82,0.09,Flying Wyvern,0,1,0,0,0,0.0,0.05,0.26,0.08,0.37,Tie
Fanged Wyvern,0,0,0,1,0,0.19,0.28,0.0,0.82,0.09,Flying Wyvern,0,1,0,0,0,0.0,0.03,0.03,0.1,0.35,Tie
Fanged Wyvern,0,0,0,1,0,0.19,0.28,0.0,0.82,0.09,Bird Wyvern,0,1,0,0,0,0.01,0.34,0.01,0.18,0.08,Tie
Fanged Wyvern,0,0,0,1,0,0.19,0.28,0.0,0.82,0.09,Bird Wyvern,0,1,0,0,0,0.01,0.64,0.01,0.15,0.09,Tie
Fanged Wyvern,1,0,0,0,0,0.09,0.36,0.82,0.18,0.0,Brute Wyvern,0,0,0,1,0,0.05,0.15,0.0,0.27,0.01,Tie
Fanged Wyvern,1,0,0,0,0,0.09,0.36,0.82,0.18,0.0,Brute Wyvern,0,0,0,1,0,0.04,0.24,0.0,0.1,0.01,Tie
Fanged Wyvern,1,0,0,0,0,0.09,0.36,0.82,0.18,0.0,Brute Wyvern,0,0,0,0,0,0.0,0.23,0.03,0.18,0.01,Tie
Fanged Wyvern,1,0,0,0,0,0.09,0.36,0.82,0.18,0.0,Brute Wyvern,0,1,0,0,0,0.0,0.72,0.11,0.29,0.13,Tie
Fanged Wyvern,1,0,0,0,0,0.09,0.36,0.82,0.18,0.0,Brute Wyvern,0,0,0,0,0,0.25,0.04,0.1,0.05,0.06,Tie
Fanged Wyvern,1,0,0,0,0,0.09,0.36,0.82,0.18,0.0,Brute Wyvern,0,0,0,0,0,0.27,0.03,0.1,0.04,0.05,Tie
Fanged Wyvern,1,0,0,0,0,0.09,0.36,0.82,0.18,0.0,Flying Wyvern,0,1,0,0,0,0.0,0.05,0.26,0.08,0.37,Tie
Fanged Wyvern,1,0,0,0,0,0.09,0.36,0.82,0.18,0.0,Flying Wyvern,0,1,0,0,0,0.0,0.03,0.03,0.1,0.35,Tie
Fanged Wyvern,1,0,0,0,0,0.09,0.36,0.82,0.18,0.0,Bird Wyvern,0,1,0,0,0,0.01,0.34,0.01,0.18,0.08,Tie
Fanged Wyvern,1,0,0,0,0,0.09,0.36,0.82,0.18,0.0,Bird Wyvern,0,1,0,0,0,0.01,0.64,0.01,0.15,0.09,Tie
Bird Wyvern,0,1,0,0,0,0.0,0.51,0.52,0.15,0.0,Fanged Wyvern,0,0,0,0,0,0.0,0.41,0.27,0.06,0.0,Lose
Bird Wyvern,0,1,0,0,0,0.0,0.51,0.52,0.15,0.0,Fanged Wyvern,0,0,0,0,0,0.0,0.36,0.24,0.05,0.0,Lose
Bird Wyvern,0,1,0,0,0,0.0,0.51,0.52,0.15,0.0,Leviathan,0,0,0,0,0,0.19,0.0,0.66,0.0,0.0,Lose
Bird Wyvern,0,1,0,0,0,0.0,0.51,0.52,0.15,0.0,Leviathan,0,0,1,0,0,0.54,0.0,0.11,0.0,0.0,Lose
Leviathan,0,0,0,0,1,0.85,0.0,0.08,0.53,0.05,Fanged Beast,0,0,0,0,0,0.16,0.0,0.04,0.4,0.0,Win
Leviathan,0,0,0,0,1,0.85,0.0,0.08,0.53,0.05,Fanged Beast,0,1,0,0,0,0.0,0.31,0.13,0.04,0.0,Win
Brute Wyvern,0,1,0,0,0,0.0,0.43,0.08,0.19,0.02,Bird Wyvern,0,0,0,0,0,0.1,0.21,0.1,0.1,0.1,Win
Brute Wyvern,0,1,0,0,0,0.0,0.43,0.08,0.19,0.02,Bird Wyvern,0,0,0,0,0,0.0,0.07,0.0,0.36,0.0,Win
Brute Wyvern,0,1,0,0,0,0.0,0.43,0.08,0.19,0.02,Amphibian,0,0,0,0,1,0.24,0.0,0.66,0.07,0.02,Win
Brute Wyvern,0,1,0,0,0,0.0,0.43,0.08,0.19,0.02,Fanged Wyvern,0,0,0,1,0,0.08,0.32,0.0,0.08,0.02,Win
Brute Wyvern,0,1,0,0,0,0.0,0.43,0.08,0.19,0.02,Flying Wyvern,0,1,0,0,0,0.0,0.05,0.26,0.08,0.37,Lose
Brute Wyvern,0,1,0,0,0,0.0,0.43,0.08,0.19,0.02,Flying Wyvern,0,1,0,0,0,0.0,0.06,0.21,0.09,0.41,Lose
Brute Wyvern,0,1,0,0,0,0.0,0.43,0.08,0.19,0.02,Flying Wyvern,0,0,0,0,0,0.01,0.13,0.16,0.51,0.16,Lose
Brute Wyvern,0,1,0,0,0,0.0,0.43,0.08,0.19,0.02,Flying Wyvern,0,0,0,0,0,0.45,0.03,0.85,0.1,0.24,Lose
Brute Wyvern,0,1,0,0,0,0.0,0.43,0.08,0.19,0.02,Flying Wyvern,0,0,1,0,1,0.01,0.19,0.69,0.09,0.29,Lose
Brute Wyvern,0,1,0,0,0,0.0,0.43,0.08,0.19,0.02,Fanged Wyvern,0,0,0,1,0,0.19,0.28,0.0,0.82,0.09,Lose
Fanged Beast,0,0,0,0,0,0.3,0.01,0.13,0.28,0.0,Amphibian,0,0,0,0,1,0.24,0.0,0.66,0.07,0.02,Lose
Flying Wyvern,0,0,0,1,0,0.11,0.09,0.0,0.34,0.05,Leviathan,0,0,0,0,1,0.15,0.0,0.73,0.14,0.32,Random
Flying Wyvern,0,0,1,0,0,0.32,0.01,0.18,0.0,0.06,Fanged Wyvern,0,0,0,0,0,0.0,0.41,0.27,0.06,0.0,Lose
Flying Wyvern,0,0,1,0,0,0.32,0.01,0.18,0.0,0.06,Fanged Wyvern,0,0,0,0,0,0.0,0.36,0.24,0.05,0.0,Lose
Brute Wyvern,0,0,0,0,1,0.42,0.0,0.0,0.19,0.03,Flying Wyvern,0,0,0,0,0,0.01,0.13,0.16,0.51,0.16,Lose
Flying Wyvern,0,1,0,0,0,0.0,0.03,0.16,0.08,0.08,Fanged Wyvern,0,0,0,0,0,0.0,0.41,0.27,0.06,0.0,Lose
Flying Wyvern,0,1,0,0,0,0.0,0.03,0.16,0.08,0.08,Fanged Wyvern,0,0,0,0,0,0.0,0.36,0.24,0.05,0.0,Lose
Flying Wyvern,0,1,0,0,0,0.0,0.03,0.16,0.08,0.08,Fanged Beast,0,0,0,1,0,0.0,0.03,0.0,0.64,0.0,Random
Flying Wyvern,0,1,0,0,0,0.0,0.03,0.16,0.08,0.08,Fanged Beast,0,0,0,1,0,0.0,0.03,0.0,0.64,0.0,Tie
Flying Wyvern,0,1,0,0,0,0.0,0.01,0.09,0.17,0.01,Fanged Wyvern,0,0,0,0,0,0.0,0.36,0.24,0.05,0.0,Lose
Flying Wyvern,0,1,0,0,0,0.0,0.01,0.09,0.17,0.01,Fanged Beast,0,0,0,1,0,0.0,0.03,0.0,0.64,0.0,Random
Fanged Beast,0,0,0,0,0,0.16,0.0,0.04,0.4,0.0,Leviathan,0,0,0,0,1,0.85,0.0,0.08,0.53,0.05,Lose
Fanged Beast,0,0,0,0,0,0.16,0.0,0.04,0.4,0.0,Flying Wyvern,0,1,0,0,0,0.0,0.05,0.26,0.08,0.37,Lose
Fanged Beast,0,1,0,0,0,0.0,0.31,0.13,0.04,0.0,Leviathan,0,0,0,0,1,0.85,0.0,0.08,0.53,0.05,Lose
Fanged Beast,0,1,0,0,0,0.0,0.31,0.13,0.04,0.0,Flying Wyvern,0,1,0,0,0,0.0,0.05,0.26,0.08,0.37,Lose
Flying Wyvern,0,0,0,0,0,0.01,0.13,0.16,0.51,0.16,Brute Wyvern,0,0,0,0,1,0.42,0.0,0.0,0.19,0.03,Win
Flying Wyvern,0,0,0,0,0,0.01,0.13,0.16,0.51,0.16,Flying Wyvern,0,1,0,0,0,0.0,0.06,0.21,0.09,0.41,Win
Flying Wyvern,0,0,0,0,0,0.01,0.13,0.16,0.51,0.16,Brute Wyvern,0,1,0,0,0,0.0,0.43,0.08,0.19,0.02,Win
Flying Wyvern,0,0,0,0,0,0.01,0.13,0.16,0.51,0.16,Flying Wyvern,0,0,0,0,0,0.01,0.13,0.16,0.51,0.16,Random
Flying Wyvern,0,1,0,0,0,0.0,0.09,0.01,0.33,0.1,Elder Dragon,1,0,1,0,0,0.14,0.02,1.0,0.0,1.0,Random
Fanged Beast,0,1,0,0,1,0.19,0.0,0.24,0.07,0.0,Fanged Wyvern,0,0,1,0,0,0.44,0.0,0.16,0.0,0.06,Lose
Demi Elder,0,0,0,0,0,0.66,0.0,0.27,0.07,0.19,Flying Wyvern,0,0,0,0,0,0.01,0.15,0.76,0.3,0.07,Random
Fanged Beast,0,0,1,0,0,0.59,0.0,0.1,0.0,0.0,Amphibian,0,0,0,0,1,0.24,0.0,0.66,0.07,0.02,Win
Bird Wyvern,0,0,0,0,0,0.0,0.07,0.0,0.36,0.0,Brute Wyvern,0,1,0,0,0,0.0,0.43,0.08,0.19,0.02,Lose
Bird Wyvern,0,0,0,0,0,0.0,0.07,0.0,0.36,0.0,Flying Wyvern,0,1,0,0,0,0.0,0.05,0.26,0.08,0.37,Lose
Bird Wyvern,0,0,0,0,0,0.1,0.21,0.1,0.1,0.1,Brute Wyvern,0,1,0,0,0,0.0,0.43,0.08,0.19,0.02,Lose
Bird Wyvern,0,0,0,0,0,0.1,0.21,0.1,0.1,0.1,Flying Wyvern,0,1,0,0,0,0.0,0.05,0.26,0.08,0.37,Lose
Elder Dragon,1,0,1,0,0,0.14,0.02,1.0,0.0,1.0,Fanged Wyvern,0,0,0,0,0,0.0,0.41,0.27,0.06,0.0,Tie
Elder Dragon,1,0,1,0,0,0.14,0.02,1.0,0.0,1.0,Fanged Wyvern,0,0,0,0,0,0.0,0.36,0.24,0.05,0.0,Tie
Elder Dragon,1,0,1,0,0,0.14,0.02,1.0,0.0,1.0,Elder Dragon,1,1,0,0,0,0.0,0.33,0.12,0.54,0.42,Random
Elder Dragon,1,0,1,0,0,0.14,0.02,1.0,0.0,1.0,Elder Dragon,0,1,0,0,0,0.0,0.38,0.04,0.29,0.04,Random
Elder Dragon,1,0,1,0,0,0.14,0.02,1.0,0.0,1.0,Fanged Beast,0,0,0,1,0,0.0,0.03,0.0,0.64,0.0,Random
Elder Dragon,1,0,1,0,0,0.14,0.02,1.0,0.0,1.0,Fanged Beast,0,0,0,1,0,0.0,0.03,0.0,0.64,0.0,Random
Elder Dragon,1,0,1,0,0,0.14,0.02,1.0,0.0,1.0,Flying Wyvern,0,1,0,0,0,0.0,0.09,0.01,0.33,0.1,Random
Elder Dragon,1,0,1,0,0,0.14,0.02,1.0,0.0,1.0,Flying Wyvern,0,1,0,0,0,0.0,0.26,0.13,0.01,0.1,Random
Elder Dragon,1,0,1,0,0,0.14,0.02,1.0,0.0,1.0,Elder Dragon,0,0,1,0,0,0.46,0.02,0.07,0.0,0.17,Random
Elder Dragon,1,0,1,0,0,0.23,0.04,0.54,0.0,0.17,Elder Dragon,1,1,0,0,0,0.0,0.33,0.12,0.54,0.42,Random
Elder Dragon,1,0,1,0,0,0.23,0.04,0.54,0.0,0.17,Fanged Beast,0,0,0,1,0,0.0,0.03,0.0,0.64,0.0,Random
Elder Dragon,1,0,1,0,0,0.23,0.04,0.54,0.0,0.17,Fanged Beast,0,0,0,1,0,0.0,0.03,0.0,0.64,0.0,Random
Elder Dragon,1,0,1,0,0,0.23,0.04,0.54,0.0,0.17,Flying Wyvern,0,1,0,0,0,0.0,0.09,0.01,0.33,0.1,Random
Elder Dragon,1,0,1,0,0,0.23,0.04,0.54,0.0,0.17,Flying Wyvern,0,1,0,0,0,0.0,0.26,0.13,0.01,0.1,Random
Elder Dragon,1,0,1,0,0,0.23,0.04,0.54,0.0,0.17,Elder Dragon,0,0,1,0,0,0.46,0.02,0.07,0.0,0.17,Random
Fanged Beast,0,0,1,0,0,0.28,0.0,0.09,0.0,0.0,Amphibian,0,0,0,0,1,0.24,0.0,0.66,0.07,0.02,Lose
Fanged Wyvern,0,0,1,0,0,0.44,0.0,0.16,0.0,0.06,Fanged Wyvern,0,0,0,1,0,0.19,0.28,0.0,0.82,0.09,Random
Fanged Wyvern,0,0,1,0,0,0.44,0.0,0.16,0.0,0.06,Fanged Beast,0,1,0,0,1,0.19,0.0,0.24,0.07,0.0,Win
Fanged Wyvern,0,0,1,0,0,0.44,0.0,0.16,0.0,0.06,Elder Dragon,1,0,0,0,0,0.34,0.0,0.0,0.13,0.67,Lose
Fanged Wyvern,0,0,0,0,0,0.0,0.41,0.27,0.06,0.0,Bird Wyvern,0,1,0,0,0,0.0,0.51,0.52,0.15,0.0,Win
Fanged Wyvern,0,0,0,0,0,0.0,0.41,0.27,0.06,0.0,Flying Wyvern,0,0,1,0,0,0.32,0.01,0.18,0.0,0.06,Win
Fanged Wyvern,0,0,0,0,0,0.0,0.41,0.27,0.06,0.0,Flying Wyvern,0,1,0,0,0,0.0,0.03,0.16,0.08,0.08,Win
Fanged Wyvern,0,0,0,0,0,0.0,0.41,0.27,0.06,0.0,Flying Wyvern,0,1,0,0,0,0.0,0.05,0.26,0.08,0.37,Win
Fanged Wyvern,0,0,0,0,0,0.0,0.41,0.27,0.06,0.0,Elder Dragon,1,0,1,0,0,0.14,0.02,1.0,0.0,1.0,Tie
Fanged Wyvern,0,0,0,0,0,0.0,0.41,0.27,0.06,0.0,Elder Dragon,1,0,1,0,0,0.23,0.04,0.54,0.0,0.17,Tie
Fanged Wyvern,0,0,0,0,0,0.0,0.41,0.27,0.06,0.0,Elder Dragon,1,1,0,0,0,0.0,0.33,0.12,0.54,0.42,Tie
Fanged Wyvern,0,0,0,0,0,0.0,0.41,0.27,0.06,0.0,Elder Dragon,0,1,0,0,0,0.0,0.38,0.04,0.29,0.04,Tie
Fanged Wyvern,0,0,0,0,0,0.0,0.41,0.27,0.06,0.0,Elder Dragon,0,0,1,0,0,0.46,0.02,0.07,0.0,0.17,Tie
Fanged Wyvern,0,0,0,0,0,0.0,0.36,0.24,0.05,0.0,Bird Wyvern,0,1,0,0,0,0.0,0.51,0.52,0.15,0.0,Win
Fanged Wyvern,0,0,0,0,0,0.0,0.36,0.24,0.05,0.0,Flying Wyvern,0,0,1,0,0,0.32,0.01,0.18,0.0,0.06,Win
Fanged Wyvern,0,0,0,0,0,0.0,0.36,0.24,0.05,0.0,Flying Wyvern,0,1,0,0,0,0.0,0.03,0.16,0.08,0.08,Win
Fanged Wyvern,0,0,0,0,0,0.0,0.36,0.24,0.05,0.0,Flying Wyvern,0,1,0,0,0,0.0,0.01,0.09,0.17,0.01,Win
Fanged Wyvern,0,0,0,0,0,0.0,0.36,0.24,0.05,0.0,Flying Wyvern,0,1,0,0,0,0.0,0.05,0.26,0.08,0.37,Win
Fanged Wyvern,0,0,0,0,0,0.0,0.36,0.24,0.05,0.0,Elder Dragon,1,0,1,0,0,0.14,0.02,1.0,0.0,1.0,Tie
Fanged Wyvern,0,0,0,0,0,0.0,0.36,0.24,0.05,0.0,Elder Dragon,1,0,1,0,0,0.23,0.04,0.54,0.0,0.17,Tie
Fanged Wyvern,0,0,0,0,0,0.0,0.36,0.24,0.05,0.0,Elder Dragon,1,0,0,0,0,0.34,0.0,0.0,0.13,0.67,Tie
Fanged Wyvern,0,0,0,0,0,0.0,0.36,0.24,0.05,0.0,Elder Dragon,1,0,0,0,0,0.23,0.0,0.0,0.08,0.43,Tie
Fanged Wyvern,0,0,0,0,0,0.0,0.36,0.24,0.05,0.0,Elder Dragon,1,1,0,0,0,0.0,0.33,0.12,0.54,0.42,Tie
Fanged Wyvern,0,0,0,0,0,0.0,0.36,0.24,0.05,0.0,Elder Dragon,0,1,0,0,0,0.0,0.38,0.04,0.29,0.04,Tie
Fanged Wyvern,0,0,0,0,0,0.0,0.36,0.24,0.05,0.0,Elder Dragon,0,0,1,0,0,0.46,0.02,0.07,0.0,0.17,Tie
Elder Dragon,1,0,0,0,0,0.34,0.0,0.0,0.13,0.67,Fanged Wyvern,0,0,1,0,0,0.44,0.0,0.16,0.0,0.06,Win
Elder Dragon,1,0,0,0,0,0.34,0.0,0.0,0.13,0.67,Fanged Wyvern,0,0,0,0,0,0.0,0.36,0.24,0.05,0.0,Tie
Elder Dragon,1,0,0,0,0,0.34,0.0,0.0,0.13,0.67,Elder Dragon,0,0,1,0,0,0.46,0.02,0.07,0.0,0.17,Tie
Elder Dragon,1,0,0,0,0,0.23,0.0,0.0,0.08,0.43,Fanged Wyvern,0,0,1,0,0,0.44,0.0,0.16,0.0,0.06,Win
Fanged Wyvern,0,0,1,0,0,0.44,0.0,0.16,0.0,0.06,Elder Dragon,1,0,0,0,0,0.23,0.0,0.0,0.08,0.43,Lose
Elder Dragon,1,0,0,0,0,0.23,0.0,0.0,0.08,0.43,Fanged Wyvern,0,0,0,0,0,0.0,0.36,0.24,0.05,0.0,Tie
Elder Dragon,1,0,0,0,0,0.23,0.0,0.0,0.08,0.43,Elder Dragon,0,0,1,0,0,0.46,0.02,0.07,0.0,0.17,Win
Leviathan,0,0,0,0,1,0.15,0.0,0.73,0.14,0.32,Fanged Wyvern,0,0,0,1,0,0.19,0.28,0.0,0.82,0.09,Lose
Leviathan,0,0,0,0,1,0.15,0.0,0.73,0.14,0.32,Flying Wyvern,0,0,0,1,0,0.11,0.09,0.0,0.34,0.05,Random
Flying Wyvern,0,0,0,0,0,0.45,0.03,0.85,0.1,0.24,Brute Wyvern,0,1,0,0,0,0.0,0.43,0.08,0.19,0.02,Win
Flying Wyvern,0,0,0,0,0,0.45,0.03,0.85,0.1,0.24,Flying Wyvern,0,1,0,0,0,0.0,0.05,0.26,0.08,0.37,Win
Flying Wyvern,0,0,0,0,0,0.45,0.03,0.85,0.1,0.24,Flying Wyvern,0,1,0,0,0,0.0,0.06,0.21,0.09,0.41,Win
Bird Wyvern,0,0,0,0,0,0.05,0.0,0.35,0.12,0.02,Fanged Beast,0,0,0,1,0,0.0,0.03,0.0,0.64,0.0,Lose
Bird Wyvern,0,0,0,0,0,0.05,0.0,0.35,0.12,0.02,Fanged Beast,0,0,0,1,0,0.0,0.03,0.0,0.64,0.0,Lose
Fanged Beast,0,0,0,1,0,0.0,0.03,0.0,0.64,0.0,Bird Wyvern,0,0,0,0,0,0.05,0.0,0.35,0.12,0.02,Win
Fanged Beast,0,0,0,1,0,0.0,0.03,0.0,0.64,0.0,Flying Wyvern,0,1,0,0,0,0.0,0.05,0.26,0.08,0.37,Win
Fanged Beast,0,0,0,1,0,0.0,0.03,0.0,0.64,0.0,Flying Wyvern,0,1,0,0,0,0.0,0.06,0.21,0.09,0.41,Win
Fanged Beast,0,0,0,1,0,0.0,0.03,0.0,0.64,0.0,Flying Wyvern,0,1,0,0,0,0.0,0.03,0.16,0.08,0.08,Random
Fanged Beast,0,0,0,1,0,0.0,0.03,0.0,0.64,0.0,Elder Dragon,1,0,1,0,0,0.14,0.02,1.0,0.0,1.0,Random
Fanged Beast,0,0,0,1,0,0.0,0.03,0.0,0.64,0.0,Elder Dragon,1,0,1,0,0,0.23,0.04,0.54,0.0,0.17,Random
Fanged Beast,0,0,0,1,0,0.0,0.03,0.0,0.64,0.0,Elder Dragon,1,1,0,0,0,0.0,0.33,0.12,0.54,0.42,Tie
Fanged Beast,0,0,0,1,0,0.0,0.03,0.0,0.64,0.0,Elder Dragon,0,1,0,0,0,0.0,0.38,0.04,0.29,0.04,Tie
Fanged Beast,0,0,0,1,0,0.0,0.03,0.0,0.64,0.0,Elder Dragon,0,0,1,0,0,0.46,0.02,0.07,0.0,0.17,Tie
Fanged Beast,0,0,0,1,0,0.0,0.03,0.0,0.64,0.0,Bird Wyvern,0,0,0,0,0,0.05,0.0,0.35,0.12,0.02,Win
Fanged Beast,0,0,0,1,0,0.0,0.03,0.0,0.64,0.0,Flying Wyvern,0,1,0,0,0,0.0,0.05,0.26,0.08,0.37,Win
Fanged Beast,0,0,0,1,0,0.0,0.03,0.0,0.64,0.0,Flying Wyvern,0,1,0,0,0,0.0,0.06,0.21,0.09,0.41,Win
Fanged Beast,0,0,0,1,0,0.0,0.03,0.0,0.64,0.0,Flying Wyvern,0,1,0,0,0,0.0,0.03,0.16,0.08,0.08,Random
Fanged Beast,0,0,0,1,0,0.0,0.03,0.0,0.64,0.0,Flying Wyvern,0,1,0,0,0,0.0,0.01,0.09,0.17,0.01,Random
Fanged Beast,0,0,0,1,0,0.0,0.03,0.0,0.64,0.0,Elder Dragon,1,0,1,0,0,0.14,0.02,1.0,0.0,1.0,Random
Fanged Beast,0,0,0,1,0,0.0,0.03,0.0,0.64,0.0,Elder Dragon,1,0,1,0,0,0.23,0.04,0.54,0.0,0.17,Random
Fanged Beast,0,0,0,1,0,0.0,0.03,0.0,0.64,0.0,Elder Dragon,1,1,0,0,0,0.0,0.33,0.12,0.54,0.42,Tie
Fanged Beast,0,0,0,1,0,0.0,0.03,0.0,0.64,0.0,Elder Dragon,0,1,0,0,0,0.0,0.38,0.04,0.29,0.04,Tie
Fanged Beast,0,0,0,1,0,0.0,0.03,0.0,0.64,0.0,Elder Dragon,0,0,1,0,0,0.46,0.02,0.07,0.0,0.17,Tie
Flying Wyvern,0,1,0,0,0,0.0,0.05,0.26,0.08,0.37,Brute Wyvern,0,1,0,0,0,0.0,0.43,0.08,0.19,0.02,Win
Flying Wyvern,0,1,0,0,0,0.0,0.05,0.26,0.08,0.37,Fanged Beast,0,0,0,0,0,0.16,0.0,0.04,0.4,0.0,Win
Flying Wyvern,0,1,0,0,0,0.0,0.05,0.26,0.08,0.37,Fanged Beast,0,1,0,0,0,0.0,0.31,0.13,0.04,0.0,Win
Flying Wyvern,0,1,0,0,0,0.0,0.05,0.26,0.08,0.37,Bird Wyvern,0,0,0,0,0,0.0,0.07,0.0,0.36,0.0,Win
Flying Wyvern,0,1,0,0,0,0.0,0.05,0.26,0.08,0.37,Bird Wyvern,0,0,0,0,0,0.1,0.21,0.1,0.1,0.1,Win
Flying Wyvern,0,1,0,0,0,0.0,0.05,0.26,0.08,0.37,Fanged Wyvern,0,0,0,1,0,0.08,0.32,0.0,0.08,0.02,Win
Flying Wyvern,0,1,0,0,0,0.0,0.05,0.26,0.08,0.37,Fanged Beast,0,0,0,1,0,0.0,0.03,0.0,0.64,0.0,Lose
Flying Wyvern,0,1,0,0,0,0.0,0.05,0.26,0.08,0.37,Fanged Beast,0,0,0,1,0,0.0,0.03,0.0,0.64,0.0,Lose
Flying Wyvern,0,1,0,0,0,0.0,0.05,0.26,0.08,0.37,Fanged Wyvern,0,0,0,0,0,0.0,0.41,0.27,0.06,0.0,Lose
Flying Wyvern,0,1,0,0,0,0.0,0.05,0.26,0.08,0.37,Fanged Wyvern,0,0,0,0,0,0.0,0.36,0.24,0.05,0.0,Lose
Flying Wyvern,0,1,0,0,0,0.0,0.05,0.26,0.08,0.37,Flying Wyvern,0,0,0,0,0,0.45,0.03,0.85,0.1,0.24,Lose
Flying Wyvern,0,1,0,0,0,0.0,0.05,0.26,0.08,0.37,Flying Wyvern,0,0,1,0,1,0.01,0.19,0.69,0.09,0.29,Lose
Flying Wyvern,0,1,0,0,0,0.0,0.05,0.26,0.08,0.37,Fanged Wyvern,0,0,0,1,0,0.19,0.28,0.0,0.82,0.09,Lose
Flying Wyvern,0,1,0,0,0,0.0,0.06,0.21,0.09,0.41,Brute Wyvern,0,1,0,0,0,0.0,0.43,0.08,0.19,0.02,Win
Flying Wyvern,0,1,0,0,0,0.0,0.06,0.21,0.09,0.41,Flying Wyvern,0,0,0,0,0,0.01,0.13,0.16,0.51,0.16,Win
Flying Wyvern,0,0,0,0,0,0.01,0.13,0.16,0.51,0.16,Flying Wyvern,0,1,0,0,0,0.0,0.06,0.21,0.09,0.41,Lose
Flying Wyvern,0,1,0,0,0,0.0,0.06,0.21,0.09,0.41,Fanged Beast,0,0,0,1,0,0.0,0.03,0.0,0.64,0.0,Lose
Flying Wyvern,0,1,0,0,0,0.0,0.06,0.21,0.09,0.41,Fanged Beast,0,0,0,1,0,0.0,0.03,0.0,0.64,0.0,Lose
Flying Wyvern,0,1,0,0,0,0.0,0.06,0.21,0.09,0.41,Flying Wyvern,0,0,0,0,0,0.45,0.03,0.85,0.1,0.24,Lose
Flying Wyvern,0,1,0,0,0,0.0,0.06,0.21,0.09,0.41,Flying Wyvern,0,0,1,0,1,0.01,0.19,0.69,0.09,0.29,Lose
Flying Wyvern,0,1,0,0,0,0.0,0.06,0.21,0.09,0.41,Fanged Wyvern,0,0,0,1,0,0.19,0.28,0.0,0.82,0.09,Lose
Flying Wyvern,0,0,0,0,0,0.01,0.15,0.76,0.3,0.07,Demi Elder,0,0,0,0,0,0.66,0.0,0.27,0.07,0.19,Random
Leviathan,0,0,0,0,0,0.19,0.0,0.66,0.0,0.0,Bird Wyvern,0,1,0,0,0,0.0,0.51,0.52,0.15,0.0,Win
Leviathan,0,0,1,0,0,0.54,0.0,0.11,0.0,0.0,Bird Wyvern,0,1,0,0,0,0.0,0.51,0.52,0.15,0.0,Win
Elder Dragon,1,1,0,0,0,0.0,0.33,0.12,0.54,0.42,Elder Dragon,1,0,1,0,0,0.14,0.02,1.0,0.0,1.0,Random
Elder Dragon,1,1,0,0,0,0.0,0.33,0.12,0.54,0.42,Elder Dragon,1,0,1,0,0,0.23,0.04,0.54,0.0,0.17,Random
Elder Dragon,1,1,0,0,0,0.0,0.33,0.12,0.54,0.42,Fanged Wyvern,0,0,0,0,0,0.0,0.41,0.27,0.06,0.0,Tie
Elder Dragon,1,1,0,0,0,0.0,0.33,0.12,0.54,0.42,Fanged Wyvern,0,0,0,0,0,0.0,0.36,0.24,0.05,0.0,Lose
Fanged Wyvern,0,0,0,0,0,0.0,0.36,0.24,0.05,0.0,Elder Dragon,1,1,0,0,0,0.0,0.33,0.12,0.54,0.42,Win
Elder Dragon,1,1,0,0,0,0.0,0.33,0.12,0.54,0.42,Fanged Beast,0,0,0,1,0,0.0,0.03,0.0,0.64,0.0,Tie
Elder Dragon,1,1,0,0,0,0.0,0.33,0.12,0.54,0.42,Fanged Beast,0,0,0,1,0,0.0,0.03,0.0,0.64,0.0,Tie
Elder Dragon,1,1,0,0,0,0.0,0.33,0.12,0.54,0.42,Elder Dragon,0,0,1,0,0,0.46,0.02,0.07,0.0,0.17,Random
Elder Dragon,0,1,0,0,0,0.0,0.38,0.04,0.29,0.04,Elder Dragon,1,0,1,0,0,0.14,0.02,1.0,0.0,1.0,Random
Elder Dragon,0,1,0,0,0,0.0,0.38,0.04,0.29,0.04,Fanged Wyvern,0,0,0,0,0,0.0,0.41,0.27,0.06,0.0,Tie
Elder Dragon,0,1,0,0,0,0.0,0.38,0.04,0.29,0.04,Fanged Wyvern,0,0,0,0,0,0.0,0.36,0.24,0.05,0.0,Lose
Fanged Wyvern,0,0,0,0,0,0.0,0.36,0.24,0.05,0.0,Elder Dragon,0,1,0,0,0,0.0,0.38,0.04,0.29,0.04,Win
Elder Dragon,0,1,0,0,0,0.0,0.38,0.04,0.29,0.04,Fanged Beast,0,0,0,1,0,0.0,0.03,0.0,0.64,0.0,Tie
Elder Dragon,0,1,0,0,0,0.0,0.38,0.04,0.29,0.04,Fanged Beast,0,0,0,1,0,0.0,0.03,0.0,0.64,0.0,Tie
Elder Dragon,0,1,0,0,0,0.0,0.38,0.04,0.29,0.04,Elder Dragon,0,0,1,0,0,0.46,0.02,0.07,0.0,0.17,Random
Amphibian,0,0,0,0,1,0.24,0.0,0.66,0.07,0.02,Fanged Beast,0,0,0,0,0,0.3,0.01,0.13,0.28,0.0,Win
Amphibian,0,0,0,0,1,0.24,0.0,0.66,0.07,0.02,Fanged Beast,0,0,1,0,0,0.28,0.0,0.09,0.0,0.0,Win
Amphibian,0,0,0,0,1,0.24,0.0,0.66,0.07,0.02,Fanged Beast,0,0,0,0,0,0.0,0.24,0.08,0.19,0.0,Win
Amphibian,0,0,0,0,1,0.24,0.0,0.66,0.07,0.02,Brute Wyvern,0,1,0,0,0,0.0,0.43,0.08,0.19,0.02,Lose
Amphibian,0,0,0,0,1,0.24,0.0,0.66,0.07,0.02,Fanged Beast,0,0,1,0,0,0.59,0.0,0.1,0.0,0.0,Lose
Flying Wyvern,0,0,1,0,1,0.01,0.19,0.69,0.09,0.29,Brute Wyvern,0,1,0,0,0,0.0,0.43,0.08,0.19,0.02,Win
Flying Wyvern,0,0,1,0,1,0.01,0.19,0.69,0.09,0.29,Flying Wyvern,0,1,0,0,0,0.0,0.05,0.26,0.08,0.37,Win
Flying Wyvern,0,0,1,0,1,0.01,0.19,0.69,0.09,0.29,Flying Wyvern,0,1,0,0,0,0.0,0.06,0.21,0.09,0.41,Win
Fanged Wyvern,0,0,0,1,0,0.08,0.32,0.0,0.08,0.02,Brute Wyvern,0,1,0,0,0,0.0,0.43,0.08,0.19,0.02,Lose
Fanged Wyvern,0,0,0,1,0,0.08,0.32,0.0,0.08,0.02,Flying Wyvern,0,1,0,0,0,0.0,0.05,0.26,0.08,0.37,Lose
Elder Dragon,0,0,1,0,0,0.46,0.02,0.07,0.0,0.17,Elder Dragon,1,0,1,0,0,0.14,0.02,1.0,0.0,1.0,Random
Elder Dragon,0,0,1,0,0,0.46,0.02,0.07,0.0,0.17,Elder Dragon,1,0,1,0,0,0.23,0.04,0.54,0.0,0.17,Random
Elder Dragon,0,0,1,0,0,0.46,0.02,0.07,0.0,0.17,Elder Dragon,1,1,0,0,0,0.0,0.33,0.12,0.54,0.42,Random
Elder Dragon,0,0,1,0,0,0.46,0.02,0.07,0.0,0.17,Elder Dragon,0,1,0,0,0,0.0,0.38,0.04,0.29,0.04,Random
Elder Dragon,0,0,1,0,0,0.46,0.02,0.07,0.0,0.17,Fanged Beast,0,0,0,1,0,0.0,0.03,0.0,0.64,0.0,Tie
Elder Dragon,0,0,1,0,0,0.46,0.02,0.07,0.0,0.17,Fanged Beast,0,0,0,1,0,0.0,0.03,0.0,0.64,0.0,Tie
Elder Dragon,0,0,1,0,0,0.46,0.02,0.07,0.0,0.17,Fanged Wyvern,0,0,0,0,0,0.0,0.41,0.27,0.06,0.0,Tie
Elder Dragon,0,0,1,0,0,0.46,0.02,0.07,0.0,0.17,Fanged Wyvern,0,0,0,0,0,0.0,0.36,0.24,0.05,0.0,Tie
Elder Dragon,0,0,1,0,0,0.46,0.02,0.07,0.0,0.17,Elder Dragon,1,0,0,0,0,0.34,0.0,0.0,0.13,0.67,Tie
Elder Dragon,0,0,1,0,0,0.46,0.02,0.07,0.0,0.17,Elder Dragon,1,0,0,0,0,0.23,0.0,0.0,0.08,0.43,Lose
Fanged Beast,0,0,0,0,0,0.0,0.24,0.08,0.19,0.0,Amphibian,0,0,0,0,1,0.24,0.0,0.66,0.07,0.02,Lose
Fanged Wyvern,0,0,0,1,0,0.19,0.28,0.0,0.82,0.09,Fanged Wyvern,0,0,1,0,0,0.44,0.0,0.16,0.0,0.06,Random
Fanged Wyvern,0,0,0,1,0,0.19,0.28,0.0,0.82,0.09,Brute Wyvern,0,1,0,0,0,0.0,0.43,0.08,0.19,0.02,Win
Fanged Wyvern,0,0,0,1,0,0.19,0.28,0.0,0.82,0.09,Leviathan,0,0,0,0,1,0.15,0.0,0.73,0.14,0.32,Win
Fanged Wyvern,0,0,0,1,0,0.19,0.28,0.0,0.82,0.09,Flying Wyvern,0,1,0,0,0,0.0,0.05,0.26,0.08,0.37,Win
Fanged Wyvern,0,0,0,1,0,0.19,0.28,0.0,0.82,0.09,Flying Wyvern,0,1,0,0,0,0.0,0.06,0.21,0.09,0.41,Win
Fanged Beast,0,0,0,0,0,0.57,0.04,0.12,0.04,0.02,Leviathan,0,0,0,0,1,0.07,0.0,0.42,0.03,0.02,Win
Leviathan,0,0,0,0,1,0.07,0.0,0.42,0.03,0.02,Fanged Beast,0,0,0,0,0,0.57,0.04,0.12,0.04,0.02,Lose
Flying Wyvern,0,1,0,0,0,0.0,0.06,0.21,0.09,0.41,Brute Wyvern,0,1,0,0,0,0.0,0.57,0.02,0.06,0.02,Win
Brute Wyvern,0,1,0,0,0,0.0,0.57,0.02,0.06,0.02,Flying Wyvern,0,1,0,0,0,0.0,0.06,0.21,0.09,0.41,Lose
Flying Wyvern,0,1,0,0,0,0.0,0.05,0.26,0.08,0.37,Brute Wyvern,0,1,0,0,0,0.0,0.57,0.02,0.06,0.02,Win
Brute Wyvern,0,1,0,0,0,0.0,0.57,0.02,0.06,0.02,Flying Wyvern,0,1,0,0,0,0.0,0.05,0.26,0.08,0.37,Lose
Construct,0,1,0,0,0,0.0,0.11,0.2,0.1,0.47,Brute Wyvern,0,1,0,0,0,0.0,0.57,0.02,0.06,0.02,Win
Brute Wyvern,0,1,0,0,0,0.0,0.57,0.02,0.06,0.02,Construct,0,1,0,0,0,0.0,0.11,0.2,0.1,0.47,Lose
Bird Wyvern,0,0,0,0,0,0.73,0.07,0.0,0.45,0.21,Temnoceran,0,0,0,0,0,0.42,0.0,0.42,0.06,0.0,Lose
Temnoceran,0,0,0,0,0,0.42,0.0,0.42,0.06,0.0,Bird Wyvern,0,0,0,0,0,0.73,0.07,0.0,0.45,0.21,Win
Fanged Beast,0,0,1,0,0,0.27,0.02,0.17,0.0,0.0,Leviathan,0,0,1,0,0,0.63,0.05,0.11,0.0,0.04,Tie
Brute Wyvern,0,0,0,0,0,0.05,0.48,0.04,0.04,0.02,Fanged Beast,0,1,0,0,0,0.0,0.71,0.0,0.42,0.1,Lose
Fanged Beast,0,1,0,0,0,0.0,0.71,0.0,0.42,0.1,Brute Wyvern,0,0,0,0,0,0.05,0.48,0.04,0.04,0.02,Win
Fanged Beast,0,0,0,0,0,0.57,0.04,0.12,0.04,0.02,Temnoceran,0,0,0,0,0,0.78,0.0,0.13,0.04,0.0,Tie
Brute Wyvern,0,0,0,0,0,0.05,0.48,0.04,0.04,0.02,Flying Wyvern,0,1,0,0,0,0.0,0.06,0.21,0.09,0.41,Lose
Flying Wyvern,0,1,0,0,0,0.0,0.06,0.21,0.09,0.41,Brute Wyvern,0,0,0,0,0,0.05,0.48,0.04,0.04,0.02,Win
Brute Wyvern,0,0,0,0,0,0.05,0.48,0.04,0.04,0.02,Flying Wyvern,0,1,0,0,0,0.0,0.05,0.26,0.08,0.37,Lose
Flying Wyvern,0,1,0,0,0,0.0,0.05,0.26,0.08,0.37,Brute Wyvern,0,0,0,0,0,0.05,0.48,0.04,0.04,0.02,Win
Construct,0,0,0,0,0,0.69,0.02,0.11,0.08,0.1,Construct,0,0,0,1,0,0.08,0.45,0.0,0.67,0.14,Tie
Construct,0,0,0,1,0,0.08,0.45,0.0,0.67,0.14,Construct,0,1,0,0,0,0.0,0.11,0.2,0.1,0.47,Lose
Construct,0,1,0,0,0,0.0,0.11,0.2,0.1,0.47,Construct,0,0,0,1,0,0.08,0.45,0.0,0.67,0.14,Win
Cephalopod,0,1,0,0,0,0.0,0.83,0.11,0.03,0.11,Fanged Beast,0,1,0,0,0,0.0,0.71,0.0,0.42,0.1,Win
Fanged Beast,0,1,0,0,0,0.0,0.71,0.0,0.42,0.1,Cephalopod,0,1,0,0,0,0.0,0.83,0.11,0.03,0.11,Lose
Leviathan,0,0,0,0,1,0.07,0.0,1.0,0.01,0.01,Flying Wyvern,0,1,0,0,0,0.0,0.05,0.26,0.08,0.37,Tie
Cephalopod,0,0,0,0,0,0.05,0.02,0.03,1.0,0.0,Construct,0,0,0,0,0,0.69,0.02,0.11,0.08,0.1,Win
Construct,0,0,0,0,0,0.69,0.02,0.11,0.08,0.1,Cephalopod,0,0,0,0,0,0.05,0.02,0.03,1.0,0.0,Lose
Cephalopod,0,0,0,0,0,0.05,0.02,0.03,1.0,0.0,Construct,1,0,0,0,0,0.38,0.84,0.25,0.28,0.21,Win
Construct,1,0,0,0,0,0.38,0.84,0.25,0.28,0.21,Cephalopod,0,0,0,0,0,0.05,0.02,0.03,1.0,0.0,Lose
Cephalopod,0,0,0,0,0,0.05,0.02,0.03,1.0,0.0,Construct,0,0,0,1,0,0.08,0.45,0.0,0.67,0.14,Win
Construct,0,0,0,1,0,0.08,0.45,0.0,0.67,0.14,Cephalopod,0,0,0,0,0,0.05,0.02,0.03,1.0,0.0,Lose
Cephalopod,0,0,0,0,0,0.05,0.02,0.03,1.0,0.0,Construct,0,1,0,0,0,0.0,0.11,0.2,0.1,0.47,Win
Construct,0,1,0,0,0,0.0,0.11,0.2,0.1,0.47,Cephalopod,0,0,0,0,0,0.05,0.02,0.03,1.0,0.0,Lose
Flying Wyvern,1,0,0,0,0,0.23,0.19,0.15,0.19,0.26,Brute Wyvern,0,1,0,0,0,0.0,0.57,0.02,0.06,0.02,Win
Brute Wyvern,0,1,0,0,0,0.0,0.57,0.02,0.06,0.02,Flying Wyvern,1,0,0,0,0,0.23,0.19,0.15,0.19,0.26,Lose
Flying Wyvern,1,0,0,0,0,0.23,0.19,0.15,0.19,0.26,Fanged Beast,0,0,0,0,0,0.57,0.04,0.12,0.04,0.02,Win
Fanged Beast,0,0,0,0,0,0.57,0.04,0.12,0.04,0.02,Flying Wyvern,1,0,0,0,0,0.23,0.19,0.15,0.19,0.26,Lose
Flying Wyvern,1,0,0,0,0,0.23,0.19,0.15,0.19,0.26,Leviathan,0,0,0,0,1,0.07,0.0,0.42,0.03,0.02,Win
Leviathan,0,0,0,0,1,0.07,0.0,0.42,0.03,0.02,Flying Wyvern,1,0,0,0,0,0.23,0.19,0.15,0.19,0.26,Lose
Flying Wyvern,1,0,0,0,0,0.23,0.19,0.15,0.19,0.26,Leviathan,0,0,1,0,0,0.63,0.05,0.11,0.0,0.04,Win
Leviathan,0,0,1,0,0,0.63,0.05,0.11,0.0,0.04,Flying Wyvern,1,0,0,0,0,0.23,0.19,0.15,0.19,0.26,Lose
Flying Wyvern,1,0,0,0,0,0.23,0.19,0.15,0.19,0.26,Fanged Beast,0,0,1,0,0,0.27,0.02,0.17,0.0,0.0,Win
Fanged Beast,0,0,1,0,0,0.27,0.02,0.17,0.0,0.0,Flying Wyvern,1,0,0,0,0,0.23,0.19,0.15,0.19,0.26,Lose
Flying Wyvern,1,0,0,0,0,0.23,0.19,0.15,0.19,0.26,Flying Wyvern,0,1,0,0,0,0.0,0.06,0.21,0.09,0.41,Win
Flying Wyvern,0,1,0,0,0,0.0,0.06,0.21,0.09,0.41,Flying Wyvern,1,0,0,0,0,0.23,0.19,0.15,0.19,0.26,Lose
Flying Wyvern,1,0,0,0,0,0.23,0.19,0.15,0.19,0.26,Flying Wyvern,0,1,0,0,0,0.0,0.05,0.26,0.08,0.37,Win
Flying Wyvern,0,1,0,0,0,0.0,0.05,0.26,0.08,0.37,Flying Wyvern,1,0,0,0,0,0.23,0.19,0.15,0.19,0.26,Lose
Flying Wyvern,1,0,0,0,0,0.23,0.19,0.15,0.19,0.26,Leviathan,0,0,0,0,1,0.07,0.0,1.0,0.01,0.01,Win
Leviathan,0,0,0,0,1,0.07,0.0,1.0,0.01,0.01,Flying Wyvern,1,0,0,0,0,0.23,0.19,0.15,0.19,0.26,Lose
Flying Wyvern,1,0,0,0,0,0.23,0.19,0.15,0.19,0.26,Construct,0,0,0,0,0,0.69,0.02,0.11,0.08,0.1,Win
Construct,0,0,0,0,0,0.69,0.02,0.11,0.08,0.1,Flying Wyvern,1,0,0,0,0,0.23,0.19,0.15,0.19,0.26,Lose
Flying Wyvern,1,0,0,0,0,0.23,0.19,0.15,0.19,0.26,Construct,0,1,0,0,0,0.0,0.11,0.2,0.1,0.47,Win
Construct,0,1,0,0,0,0.0,0.11,0.2,0.1,0.47,Flying Wyvern,1,0,0,0,0,0.23,0.19,0.15,0.19,0.26,Lose
Flying Wyvern,1,0,0,0,0,0.23,0.19,0.15,0.19,0.26,Construct,1,0,0,0,0,0.38,0.84,0.25,0.28,0.21,Win
Construct,1,0,0,0,0,0.38,0.84,0.25,0.28,0.21,Flying Wyvern,1,0,0,0,0,0.23,0.19,0.15,0.19,0.26,Lose
Flying Wyvern,1,0,0,0,0,0.23,0.19,0.15,0.19,0.26,Construct,0,0,0,1,0,0.08,0.45,0.0,0.67,0.14,Win
Construct,0,0,0,1,0,0.08,0.45,0.0,0.67,0.14,Flying Wyvern,1,0,0,0,0,0.23,0.19,0.15,0.19,0.26,Lose
Flying Wyvern,1,0,0,0,0,0.23,0.19,0.15,0.19,0.26,Fanged Beast,0,1,0,0,0,0.0,0.71,0.0,0.42,0.1,Win
Fanged Beast,0,1,0,0,0,0.0,0.71,0.0,0.42,0.1,Flying Wyvern,1,0,0,0,0,0.23,0.19,0.15,0.19,0.26,Lose
Flying Wyvern,1,0,0,0,0,0.23,0.19,0.15,0.19,0.26,Cephalopod,0,1,0,0,0,0.0,0.83,0.11,0.03,0.11,Win
Cephalopod,0,1,0,0,0,0.0,0.83,0.11,0.03,0.11,Flying Wyvern,1,0,0,0,0,0.23,0.19,0.15,0.19,0.26,Lose
Flying Wyvern,1,0,0,0,0,0.23,0.19,0.15,0.19,0.26,Demi Elder,0,0,0,0,0,0.66,0.0,0.27,0.07,0.19,Win
Demi Elder,0,0,0,0,0,0.66,0.0,0.27,0.07,0.19,Flying Wyvern,1,0,0,0,0,0.23,0.19,0.15,0.19,0.26,Lose
Flying Wyvern,1,0,0,0,0,0.23,0.19,0.15,0.19,0.26,Flying Wyvern,0,0,0,1,0,0.06,0.13,0.0,0.25,0.04,Tie
